,Year_x,Name,College,POS,Height (in),Weight (lbs),40 Yard,Bench Press,Vert Leap (in),Broad Jump (in),Shuttle,3Cone,Year_y
6,1987,Bruce Armstrong,Louisville,OT,76.0,284,5.05,22,27.0,100,4.81,7.31,1990
12,1987,Jerry Ball,Southern Methodist (TX),DT,72.1,292,5.14,23,24.0,96,4.77,7.31,1989
15,1987,Harris Barton,North Carolina,C,76.3,280,5.03,24,31.0,106,4.46,7.31,1993
16,1987,Steve Beuerlein,Notre Dame,QB,74.4,203,5.1,3,23.0,93,4.63,7.31,1999
17,1987,Jerome Brown,Miami (FL),DT,74.3,292,4.86,17,28.7,109,4.45,7.31,1990
21,1987,Mark Carrier,Nicholls State (LA),WR,71.8,182,4.46,9,30.0,114,4.51,7.31,1989
25,1987,Curtis Duncan,Northwestern,WR,70.3,180,4.44,12,31.0,117,4.56,7.31,1992
26,1987,Thomas Everett,Baylor,FS,68.0,177,4.56,11,28.7,109,4.45,7.31,1993
27,1987,Rich Gannon,Delaware,QB,74.3,193,4.58,7,32.5,110,4.11,7.31,1999
31,1987,Kevin Gogan,Washington,OG,79.0,310,5.46,15,20.5,88,4.88,7.31,1994
34,1987,Wayne Haddix,Liberty (VA),CB,73.1,200,4.67,8,37.0,122,4.35,7.31,1990
35,1987,Jim Harbaugh,Michigan,QB,74.3,203,4.81,15,28.7,109,4.45,7.31,1995
39,2011,Mark Ingram,Alabama,RB,69.13,215,4.62,21,31.5,113,4.62,7.13,2014
42,1987,Jeff Jaeger,Washington,K,71.4,190,4.96,6,26.0,103,4.49,7.31,1991
43,1987,Haywood Jeffires,North Carolina State,WR,74.1,191,4.41,15,28.7,109,4.45,7.31,1991
46,1987,Don Majkowski,Virginia,QB,73.5,199,4.83,15,34.0,116,4.13,7.31,1989
47,1987,Chris Miller,Oregon,QB,73.4,190,4.74,15,30.5,117,4.35,7.31,1991
50,1987,Dan Morgan,Penn State,OG,78.3,288,5.25,14,25.0,93,4.84,7.31,2004
51,1987,Hardy Nickerson,California,ILB,73.5,223,4.82,19,28.0,108,4.15,7.31,1993
61,1987,Nate Odomes,Wisconsin,CB,69.3,188,4.43,18,33.5,119,4.3,7.31,1992
63,1987,Christian Okoye,Azusa Pacific (CA),RB,73.6,250,4.81,21,31.0,109,4.45,7.31,1989
65,1987,John Settle,Appalachian State (NC),RB,69.3,207,4.75,10,29.0,112,4.51,7.31,1988
66,1987,Al Smith,Utah State,OLB,72.3,228,4.66,24,26.0,111,4.5,7.31,1991
73,2007,Steve Smith,Southern California,WR,71.75,197,4.45,22,38.0,120,4.19,6.68,2009
74,1987,Vinny Testaverde,Miami (FL),QB,76.3,213,4.75,13,28.7,109,4.45,7.31,1996
76,1987,Eric Thomas,Tulane (LA),CB,70.3,171,4.38,7,35.0,126,4.22,7.31,1988
77,1987,Henry Thomas,Louisiana State,DT,73.8,268,4.95,18,27.0,98,4.67,7.31,1991
79,1987,Frank Winters,Western Illinois,C,75.0,273,5.1,20,25.5,100,4.79,7.31,1996
80,1987,Rod Woodson,Purdue,CB,72.0,202,4.33,10,36.0,125,3.98,7.31,1989
91,1988,Eric Allen,Arizona State,CB,69.8,181,4.46,14,30.5,112,4.19,7.31,1989
103,1988,Bennie Blades,Miami (FL),SS,72.6,216,4.53,15,33.0,121,4.18,7.31,1991
104,1988,Brian Blades,Miami (FL),WR,71.1,182,4.48,13,30.1,109,4.48,7.31,1989
105,1988,Tim Brown,Notre Dame,WR,72.0,193,4.39,16,30.1,109,4.48,7.31,1988
132,1988,Chuck Cecil,Arizona,FS,71.8,184,4.82,6,30.1,109,4.48,7.31,1992
133,1988,Chris Chandler,Washington,QB,75.9,211,4.87,10,30.0,102,4.4,7.31,1997
135,1988,Jeff Cross,Missouri,DE,75.6,261,4.93,19,28.0,99,4.72,7.31,1990
136,1988,Dermontti Dawson,Kentucky,C,74.3,272,4.94,24,30.0,109,4.34,7.31,1992
143,1988,Cris Dishman,Purdue,CB,72.0,173,4.42,7,32.5,117,4.34,7.31,1991
145,1988,Ferrell Edmunds,Maryland,TE,78.0,241,4.82,18,30.1,109,4.48,7.31,1989
147,1988,Gaston Green,UCLA,RB,70.3,189,4.32,8,33.5,119,4.27,7.31,1991
148,1988,Ken Harvey,California,OLB,74.0,226,4.61,25,37.5,126,4.26,7.31,1994
152,1988,Pierce Holt,Angelo State (TX),DE,76.3,269,4.82,20,30.1,109,4.48,7.31,1992
153,1988,Keith Jackson,Oklahoma,TE,74.4,250,4.69,16,29.0,109,4.59,7.31,1988
168,1988,Tony Jones,Western Carolina,OT,77.0,270,5.28,19,30.1,109,4.48,7.31,1998
173,1988,Chip Lohmiller,Minnesota,K,75.0,211,4.82,12,30.1,109,4.48,7.31,1991
174,1988,Anthony Miller,Tennessee,WR,70.6,181,4.38,14,32.0,111,4.2,7.31,1989
184,1988,Bill Romanowski,Boston College,OLB,75.5,231,4.76,16,31.5,111,4.25,7.31,1996
186,1988,Sterling Sharpe,South Carolina,WR,71.5,202,4.82,16,30.1,109,4.48,7.31,1989
191,1988,Neil Smith,Nebraska,DE,76.3,257,4.65,16,32.5,124,4.57,7.31,1991
206,1988,Chris Spielman,Ohio State,ILB,72.0,234,4.9,23,32.5,109,4.13,7.31,1989
210,1988,John Stephens,Northwestern State (LA),RB,72.1,220,4.41,23,35.5,116,4.22,7.31,1988
211,1988,Thurman Thomas,Oklahoma State,RB,69.9,198,4.47,13,33.0,114,4.21,7.31,1989
216,1988,Tom Tupa,Ohio State,P,76.5,220,4.83,13,28.0,105,4.31,7.31,1999
217,1988,Lorenzo White,Michigan State,RB,70.6,207,4.82,16,30.1,109,4.48,7.31,1992
218,1988,John Williams,Kansas State,WR,72.4,190,4.53,6,25.5,106,4.64,7.31,1990
220,1989,Trace Armstrong,Florida,DE,75.5,256,4.85,20,31.4,110,4.44,7.31,2000
221,1989,Steve Atwater,Arkansas,FS,75.5,212,4.63,7,37.5,114,4.14,7.31,1990
229,1989,Michael Brooks,North Carolina State,CB,71.4,188,4.59,9,33.0,102,4.77,7.31,1992
230,1989,Marv Cook,Iowa,TE,75.6,236,4.86,18,29.0,103,4.2,7.31,1991
232,1989,Daryl Johnston,Syracuse,FB,73.8,232,4.85,17,28.5,113,4.17,7.31,1993
234,1989,Carnell Lake,UCLA,FS,72.8,205,4.36,15,35.5,117,4.29,7.31,1994
239,1989,Tony Martin,Colorado Mesa,WR,72.1,174,4.44,17,39.0,129,4.22,7.31,1996
240,1989,Wayne Martin,Arkansas,DE,77.0,278,5.07,14,30.5,103,4.56,7.31,1994
241,1989,Robert Massey,North Carolina Central,CB,70.4,185,4.49,11,34.0,115,4.44,7.31,1992
242,1989,Dave Meggett,Towson (MD),RB,67.3,174,4.64,20,34.5,122,4.26,7.31,1989
244,1989,Eric Metcalf,Texas,WR,69.0,180,4.46,17,33.0,118,4.44,7.31,1993
247,1989,Andre Rison,Michigan State,WR,70.0,187,4.47,17,35.0,114,3.96,7.31,1990
252,1989,Deion Sanders,Florida State,CB,71.8,182,4.29,17,31.4,110,4.44,7.31,1991
260,1989,Mark Stepnoski,Pittsburgh,OG,74.4,270,5.01,29,29.0,101,4.53,7.31,1992
265,1989,Derrick Thomas,Alabama,OLB,74.5,234,4.58,17,31.4,110,4.44,7.31,1989
274,1989,Tony Tolbert,Texas-El Paso,OLB,78.1,231,4.86,14,29.5,109,4.64,7.31,1996
275,1989,Wesley Walls,Mississippi,TE,76.5,240,4.77,17,31.4,110,4.44,7.31,1996
280,1989,Steve Wisniewski,Penn State,OG,75.8,275,5.08,33,27.5,98,4.35,7.31,1990
288,1989,Donnell Woolford,Clemson,CB,69.6,187,4.59,12,38.0,124,4.34,7.31,1993
289,1990,Johnny Bailey,Texas A&M-Kingsville,RB,67.6,176,4.6,17,30.5,108,4.41,7.31,1992
290,1990,Fred Barnett,Arizona State,WR,72.5,203,4.44,17,40.5,129,4.36,7.31,1992
291,1990,Rob Burnett,Syracuse,DT,75.5,271,4.99,20,30.0,108,4.53,7.31,1994
292,1990,Larry Centers,Stephen F. Austin (TX),RB,70.8,203,4.87,8,30.5,106,4.41,7.31,1995
295,1990,Eric Davis,Jacksonville State (AL),CB,70.1,176,4.53,19,38.0,124,4.06,7.31,1995
297,1990,Eric Green,Liberty (VA),TE,76.5,274,4.84,12,30.5,110,4.41,7.31,1993
301,1990,Harold Green,South Carolina,RB,73.5,216,4.74,16,32.0,118,4.25,7.31,1992
302,1990,Tim Grunhard,Notre Dame,OG,74.4,291,5.19,23,27.5,101,4.55,7.31,1999
303,1990,Johnny Johnson,San Jose State,FB,74.0,212,4.64,17,33.5,118,4.18,7.31,1990
309,1990,Cortez Kennedy,Miami (FL),DT,73.5,295,4.95,23,30.5,110,4.41,7.31,1991
317,1990,Terance Mathis,New Mexico,WR,69.3,167,4.65,17,30.5,109,4.29,7.31,1994
318,1990,Tony Mayberry,Wake Forest,C,76.1,270,5.29,28,26.5,102,4.79,7.31,1997
321,1990,Brian Mitchell,Southwestern Louisiana,RB,70.1,198,4.59,17,32.0,117,4.01,7.31,1995
323,1990,Neil O'Donnell,Maryland,QB,74.3,217,4.89,17,32.5,109,4.03,7.31,1992
324,1990,Bryce Paup,Northern Iowa,OLB,76.1,238,5.04,18,31.0,115,4.17,7.31,1994
328,1990,Shannon Sharpe,Savannah State (GA),TE,73.3,221,4.67,17,34.0,122,4.55,7.31,1992
336,1990,Keith Sims,Iowa State,C,74.0,310,5.31,22,28.0,111,4.74,7.31,1993
339,1990,Renaldo Turnbull,West Virginia,DE,76.0,248,4.64,15,34.5,121,4.46,7.31,1993
340,1990,Chris Warren,Ferrum (VA),RB,73.8,225,4.61,14,36.5,114,4.41,7.31,1993
346,1990,Richmond Webb,Texas A&M,OT,78.1,291,5.12,15,29.5,103,4.7,7.31,1990
357,1991,Ben Coates,Livingstone (NC),TE,76.5,243,4.95,15,28.0,109,4.56,7.31,1994
362,1991,Bryan Cox,Western Illinois,OLB,75.3,235,5.0,9,27.5,112,4.47,7.31,1992
368,1991,Brett Favre,Southern Mississippi,QB,74.0,217,4.9,18,31.0,110,4.41,7.31,1992
379,1991,Merton Hanks,Iowa,FS,73.5,177,4.77,18,36.0,117,4.15,7.31,1994
385,1994,Joe Johnson,Louisville,DE,75.6,285,5.11,23,33.5,122,4.34,7.31,1998
387,1991,Henry Jones,Illinois,CB,71.6,197,4.48,16,31.0,114,4.01,7.31,1992
388,1991,Todd Lyght,Notre Dame,CB,72.0,186,4.54,15,35.5,123,4.41,7.31,1999
389,1991,Russell Maryland,Miami (FL),DT,72.9,274,4.96,26,31.0,110,4.41,7.31,1993
390,1991,Herman Moore,Virginia,WR,75.5,205,4.9,18,31.0,110,4.41,7.31,1994
394,1991,Chris Samuels,Texas,RB,70.0,206,4.7,12,30.5,116,4.3,7.31,2001
400,1991,Todd Scott,Southwestern Louisiana,CB,70.4,204,4.65,14,33.0,115,4.02,7.31,1992
401,1991,Michael Sinclair,Eastern New Mexico,DT,75.5,244,4.95,22,32.0,114,4.21,7.31,1996
404,1991,Eric Swann,North Carolina State,DE,75.8,311,5.06,23,29.5,106,4.81,7.31,1995
406,1991,Yancey Thigpen,Winston-Salem State (NC),WR,72.4,207,4.6,18,38.5,122,4.37,7.31,1995
408,1991,William Thomas,Texas A&M,OLB,74.5,207,4.84,18,33.5,115,4.03,7.31,1995
410,1991,Eric Turner,UCLA,FS,72.9,206,4.51,20,36.5,124,4.37,7.31,1994
412,1991,Ted Washington,Louisville,DT,76.3,303,4.9,16,31.0,110,4.41,7.31,1997
416,1991,Ricky Watters,Notre Dame,RB,73.0,212,4.71,18,34.5,111,4.41,7.31,1992
421,1991,Aeneas Williams,Southern (LA),CB,70.0,187,4.57,12,32.0,111,4.3,7.31,1994
429,1991,Alfred Williams,Colorado,DE,78.0,237,4.88,18,33.0,118,4.31,7.31,1996
430,1991,Erik Williams,Central State (OH),OT,77.0,304,5.5,25,21.5,96,4.9,7.31,1993
434,1992,Ashley Ambrose,Mississippi Valley State,CB,70.0,177,4.51,7,34.0,120,4.16,7.31,1996
435,1992,Michael Bates,Arizona,WR,69.8,187,4.48,17,34.5,124,4.44,7.31,1996
440,1992,Jeff Blake,East Carolina (NC),QB,71.8,202,4.86,17,30.5,115,4.6,7.31,1995
441,1992,Dale Carter,Tennessee,CB,72.5,188,4.95,7,30.7,111,4.44,7.31,1994
445,1992,Mark Chmura,Boston College,TE,77.0,235,5.03,13,30.5,105,4.16,7.31,1995
448,1992,Jeff Christy,Pittsburgh,OG,75.0,294,5.38,17,25.5,95,4.63,7.31,1998
451,1992,Marco Coleman,Georgia Tech,DE,74.8,259,5.18,18,29.0,116,4.44,7.31,2000
456,2014,Mike Evans,Texas A&M,WR,76.75,231,4.53,12,37.0,114,4.26,7.08,2016
460,1992,Kendall Gammon,Pittsburgh State (KS),OG,76.0,273,5.31,21,27.5,104,4.45,7.31,2004
461,1992,Sam Gash,Penn State,RB,71.6,224,4.79,16,33.5,113,4.16,7.31,1998
463,1992,Sean Gilbert,Pittsburgh,DT,76.3,315,4.95,22,30.7,111,4.44,7.31,1993
464,1992,Jason Hanson,Washington State,K,71.8,183,4.95,17,30.7,111,4.44,7.31,1997
466,1992,Desmond Howard,Michigan,WR,69.9,184,4.95,17,30.7,111,4.44,7.31,2000
467,1992,Brad Johnson,Florida State,QB,76.5,218,5.02,17,29.5,110,4.29,7.31,1999
478,1997,Walter Jones,Florida State,OT,76.9,301,5.09,19,30.5,108,4.73,8.23,1999
487,1992,Levon Kirkland,Clemson,OLB,72.4,240,4.92,20,32.5,116,4.13,7.31,1996
489,1992,Dave Moore,Pittsburgh,TE,74.3,247,5.18,14,27.0,103,4.39,7.31,2006
490,1992,Roosevelt Nix,Central State (OH),DT,78.3,305,4.89,15,29.0,107,4.45,7.31,2017
491,1992,Carl Pickens,Tennessee,WR,74.3,206,4.95,17,30.7,111,4.44,7.31,1995
493,1992,Robert Porcher,South Carolina State,DE,75.9,283,5.27,22,31.0,108,4.7,7.31,1997
496,1992,Leon Searcy,Miami (FL),OG,75.3,296,5.19,17,25.0,112,4.5,7.31,1999
497,1992,Jimmy Smith,Jackson State (MS),WR,72.8,200,4.58,17,35.0,120,4.14,7.31,1997
507,1992,Joel Steed,Colorado,DT,74.0,281,5.22,22,30.7,97,4.44,7.31,1997
508,1992,Troy Vincent,Wisconsin,CB,72.3,191,4.45,13,35.5,111,4.44,7.31,1999
549,1992,Bob Whitfield,Stanford,OT,77.5,295,5.12,17,29.5,113,4.44,7.31,1998
550,1992,Darryl Williams,Miami (FL),FS,72.5,191,4.95,12,33.0,111,4.44,7.31,1997
552,1992,Darren Woodson,Arizona State,SS,73.0,219,4.53,19,37.5,128,4.28,7.31,1994
557,1993,Richie Anderson,Penn State,RB,73.8,220,4.56,16,35.5,121,4.27,7.31,2000
558,1993,Jerome Bettis,Notre Dame,FB,71.0,248,4.86,18,31.6,113,4.38,7.31,1993
564,1993,Blaine Bishop,Ball State (IN),SS,68.6,194,4.61,20,41.5,120,4.0,7.31,1995
568,1993,Drew Bledsoe,Washington State,QB,77.0,233,4.86,18,32.5,111,4.54,7.31,1994
572,1993,Chad Brown,Colorado,OLB,74.5,236,4.85,18,33.0,117,4.15,7.31,1996
578,1993,Mark Brunell,Washington,QB,73.0,206,4.7,18,30.5,112,4.19,7.31,1996
581,1993,Ray Buchanan,Louisville,CB,69.3,193,4.5,10,36.0,127,4.0,7.31,1998
582,1993,Jason Elam,Hawaii,K,71.1,192,4.86,18,31.6,113,4.38,7.31,1995
585,1993,Elvis Grbac,Michigan,QB,77.1,232,4.81,18,31.5,112,4.5,7.31,2000
586,1993,Trent Green,Indiana,QB,74.5,211,4.92,18,32.5,116,4.2,7.31,2003
588,1993,Garrison Hearst,Georgia,RB,69.0,204,4.86,18,31.6,113,4.38,7.31,1998
590,1993,Craig Hentrich,Notre Dame,P,72.8,200,4.86,18,31.6,113,4.38,7.31,1998
592,1993,Brad Hopkins,Illinois,OT,75.4,306,5.19,18,27.0,106,4.63,7.31,2000
594,1993,Tyrone Hughes,Nebraska,CB,69.0,189,4.57,18,34.0,116,4.38,7.31,1993
595,1993,Lincoln Kennedy,Washington,OT,78.0,358,4.86,18,31.6,113,4.38,7.31,2000
598,1993,John Lynch,Stanford,SS,73.1,219,4.86,18,31.6,113,4.38,7.31,1997
607,1993,Natrone Means,North Carolina,RB,70.4,255,4.86,18,31.6,113,4.38,7.31,1994
608,1993,Glyn Milburn,Stanford,RB,68.3,177,4.86,16,31.6,113,4.38,7.31,1995
610,1993,Lorenzo Neal,Frenso State (CA),FB,70.4,236,4.84,27,30.5,104,4.38,7.31,2002
618,1993,Willie Roaf,Louisiana Tech,OT,76.5,308,5.03,25,24.0,112,4.82,7.31,1994
629,1993,Will Shields,Nebraska,OG,74.3,304,5.21,18,26.0,103,4.6,7.31,1995
641,1993,Chris Slade,Virginia,OLB,76.0,234,4.74,19,30.5,121,4.6,7.31,1997
642,1993,Robert Smith,Ohio State,RB,72.3,195,4.47,16,39.0,134,4.03,7.31,1998
644,1993,Ron Stone,Boston College,OT,76.9,306,5.32,24,22.5,101,4.71,7.31,2000
647,1993,Michael Strahan,Texas Southern,DE,76.3,252,4.94,25,32.5,120,4.47,7.31,1997
654,1993,Dana Stubblefield,Kansas,DT,74.3,302,4.99,22,29.5,109,4.74,7.31,1994
675,2003,Kevin Williams,Oklahoma State,DE,76.9,304,4.84,23,30.0,112,5.01,7.66,2004
681,1993,Frank Wycheck,Maryland,FB,74.6,232,4.94,18,32.5,111,4.52,7.31,1998
684,1994,Sam Adams,Texas A&M,DT,74.3,292,4.9,19,29.5,103,4.57,7.31,2000
687,1994,Ethan Albright,North Carolina,OG,77.0,274,5.23,18,26.0,106,4.78,7.31,2007
688,1994,Larry Allen,Sonoma (CA),OG,74.8,325,5.21,19,25.5,103,5.11,7.31,1995
710,1994,Jamal Anderson,Utah,FB,70.5,246,4.8,24,30.5,109,4.47,7.31,1998
711,1994,Mitch Berger,Colorado,P,74.8,231,4.9,19,30.7,111,4.47,7.31,1999
713,1994,Isaac Bruce,Memphis,WR,71.5,173,4.55,19,36.5,121,4.15,7.31,1996
717,1994,Dwayne Carswell,Liberty (VA),TE,75.9,264,5.16,17,26.5,102,4.5,7.31,2001
718,1994,Trent Dilfer,Frenso State (CA),QB,75.3,228,4.9,19,30.7,111,4.47,7.31,1997
719,1994,Marshall Faulk,San Diego State,RB,70.1,206,4.9,19,30.7,111,4.47,7.31,1994
726,1994,Gus Frerotte,Tulsa (OK),QB,75.0,221,5.04,19,26.0,102,4.79,7.31,1996
727,1994,Charlie Garner,Tennessee,RB,69.1,182,4.9,19,30.7,111,4.47,7.31,2000
728,1994,Jason Gildon,Oklahoma State,OLB,75.3,235,4.9,18,36.0,116,4.4,7.31,2000
731,1994,Aaron Glenn,Texas A&M,CB,68.5,184,4.9,9,30.7,111,4.47,7.31,1997
735,2012,Malik Jackson,Tennessee,DE,76.75,284,4.85,25,28.0,105,4.41,7.38,2017
736,1994,Dorsey Levens,Georgia Tech,RB,72.9,228,4.6,18,37.5,118,4.42,7.31,1997
737,1994,Kevin Mawae,Louisiana State,C,75.6,385,5.35,22,29.0,108,4.57,7.31,1999
745,1994,Jamir Miller,UCLA,OLB,76.0,226,4.9,19,30.7,111,4.47,7.31,2001
746,1994,Tom Nalen,Boston College,C,74.9,280,5.14,20,28.0,102,4.59,7.31,1997
751,1994,Tim Ruddy,Notre Dame,C,74.6,270,4.9,19,30.7,111,4.47,7.31,2000
752,1994,Todd Steussie,California,OT,77.8,315,4.9,30,30.7,111,4.47,7.31,1997
754,1994,Winfred Tubbs,Texas,ILB,75.9,250,4.9,19,30.7,111,4.47,7.31,1998
755,1994,Larry Whigham,Louisiana-Monroe,SS,73.9,202,4.64,12,37.0,117,4.25,7.31,1997
757,1994,Bryant Young,Notre Dame,DT,74.8,276,4.96,25,28.0,109,4.4,7.31,1996
761,1995,Tony Boselli,Southern California,OT,78.9,323,5.23,26,30.0,102,4.6,7.31,1996
766,1995,Stephen Boyd,Boston College,ILB,72.9,240,4.88,26,32.0,113,4.12,7.31,1999
768,1995,Derrick Brooks,Florida State,OLB,72.3,229,4.71,19,31.1,112,4.44,7.31,1997
779,1995,Kevin Carter,Florida,DE,77.6,274,4.91,19,31.1,112,4.44,7.31,1999
781,1995,Byron Chamberlain,Wayne State (NE),TE,73.3,225,4.72,19,33.5,110,4.18,7.31,2001
782,1995,Kerry Collins,Penn State,QB,77.0,240,4.91,19,31.1,112,4.44,7.31,1996
784,1995,Terrell Davis,Georgia,RB,71.6,213,4.72,19,35.0,120,4.41,7.31,1996
787,1995,Ken Dilger,Illinois,TE,76.9,252,4.91,17,33.5,112,4.19,7.31,2001
788,1995,Hugh Douglas,Central State (OH),DE,73.6,265,4.76,27,32.0,113,4.5,7.31,2000
791,1995,Luther Elliss,Utah,DE,76.9,291,4.91,19,31.1,112,4.44,7.31,1999
793,1995,Mark Fields,Washington State,ILB,73.9,244,4.54,19,38.0,125,4.41,7.31,2000
797,1995,Antonio Freeman,Baltimore Polytechnic,WR,72.6,180,4.91,19,31.1,112,4.44,7.31,1998
799,2011,Dwayne Harris,East Carolina (NC),WR,70.38,203,4.53,10,34.0,111,4.21,6.77,2016
816,2016,Chris Jones,Mississippi State,DT,77.75,310,5.03,26,24.5,106,4.62,7.44,2019
824,1995,Ty Law,Michigan,CB,71.3,196,4.91,21,31.1,112,4.44,7.31,1998
829,1995,Curtis Martin,Pittsburgh,RB,71.3,203,4.91,16,41.5,131,4.1,7.31,1995
834,1995,Roell Preston,Mississippi,WR,69.6,187,4.55,19,31.5,115,4.44,7.31,1998
835,1995,Barret Robbins,Texas Christian,OG,74.9,310,5.4,19,24.5,106,4.62,7.31,2002
836,1995,Warren Sapp,Miami (FL),DT,73.0,281,4.91,19,31.1,112,4.44,7.31,1997
843,1995,Todd Sauerbrun,West Virginia,P,69.8,206,4.91,19,31.1,112,4.44,7.31,2001
846,1995,David Sloan,New Mexico,TE,78.0,254,4.91,20,31.0,115,4.29,7.31,1999
847,1995,Kordell Stewart,Colorado,QB,73.5,212,4.52,19,36.0,125,4.13,7.31,2001
848,1995,Korey Stringer,Ohio State,OT,76.3,345,4.91,19,31.1,112,4.44,7.31,2000
849,1995,Bobby Taylor,Notre Dame,CB,75.0,208,4.91,19,31.1,112,4.44,7.31,2002
850,1995,Gary Walker,Auburn,DT,73.8,286,5.1,25,27.0,101,4.72,7.31,2001
852,1996,Donnie Abraham,East Tennessee,CB,69.8,180,4.61,13,32.0,119,4.05,7.31,2000
853,1996,Mike Alstott,Purdue,FB,72.4,240,4.68,24,33.0,117,4.16,7.31,1997
859,1996,Willie Anderson,Auburn,OT,77.0,324,5.28,20,23.0,97,4.47,7.31,2003
865,2004,Chris Cooley,Utah State,TE,75.5,265,4.86,22,33.0,115,4.19,7.21,2007
867,1996,Brian Dawkins,Clemson,SS,71.4,189,4.63,19,35.0,120,4.39,7.31,1999
876,1996,Donnie Edwards,UCLA,OLB,73.9,224,4.78,17,30.0,114,4.54,7.31,2002
877,1996,Eddie George,Ohio State,RB,74.6,238,4.89,20,30.8,111,4.47,7.31,1997
881,1996,Terry Glenn,Ohio State,WR,70.5,184,4.89,20,30.8,111,4.47,7.31,1999
882,1996,Kevin Hardy,Illinois,OLB,76.4,245,4.81,16,32.0,119,4.04,7.31,1999
883,1996,Walt Harris,Mississippi State,FS,71.5,189,4.89,20,33.5,122,4.1,7.31,2006
884,1996,Marvin Harrison,Syracuse,WR,71.9,181,4.89,20,30.8,111,4.47,7.31,1999
892,1996,Jeff Hartings,Penn State,OG,75.0,288,5.15,26,26.0,98,4.3,7.31,2004
894,1996,Tory James,Louisiana State,CB,73.6,188,4.66,18,32.0,121,4.41,7.31,2004
902,2003,Andre Johnson,Miami (FL),WR,74.0,230,4.4,22,39.0,132,4.39,7.31,2004
909,1996,Keyshawn Johnson,Southern California,WR,75.3,220,4.89,20,31.5,125,4.25,7.31,1998
912,1996,Jermaine Lewis,Maryland,WR,67.4,172,4.47,20,33.5,124,4.3,7.31,1998
914,1996,Ray Lewis,Miami (FL),ILB,72.4,235,4.89,20,30.8,111,4.47,7.31,1997
926,1996,Olindo Mare,Syracuse,K,70.1,180,4.89,20,30.8,111,4.47,7.31,1999
927,1996,Jermane Mayberry,Texas A&M-Kingsville,OT,75.9,321,4.89,30,30.8,111,4.47,7.31,2002
928,1996,Lawyer Milloy,Washington,FS,72.0,210,4.89,20,30.8,111,4.47,7.31,1998
932,1996,Eric Moulds,Mississippi State,WR,72.9,204,4.89,20,30.8,111,4.47,7.31,1998
935,1996,Jonathan Ogden,UCLA,OT,80.0,318,5.12,30,31.0,113,4.47,7.31,1997
946,1996,Terrell Owens,Tennessee-Chattanooga,WR,74.9,213,4.65,20,33.0,120,4.26,7.31,2000
952,1996,Simeon Rice,Illinois,DE,77.0,259,4.79,26,30.8,111,4.47,7.31,1999
955,1996,Jon Runyan,Michigan,OT,79.5,308,5.34,25,24.5,103,4.73,7.31,2002
957,1996,Detron Smith,Texas A&M,FB,70.3,234,4.61,31,30.8,111,4.38,7.31,1999
958,1996,Zach Thomas,Texas Tech,ILB,71.0,233,4.85,20,28.5,104,4.24,7.31,1999
965,1996,Casey Wiegmann,Iowa,C,74.3,291,4.89,20,30.8,111,4.47,7.31,2008
966,1996,Jerome Woods,Memphis,FS,74.0,202,4.59,20,33.5,111,4.47,7.31,2003
967,1997,Ronde Barber,Virginia,CB,69.4,185,4.68,14,34.5,118,4.46,7.22,2001
972,1997,Tiki Barber,Virginia,RB,69.4,203,4.56,15,35.5,120,4.0,7.18,2004
975,1997,Peter Boulware,Florida State,DE,76.1,254,4.76,19,34.0,118,4.2,7.64,1998
979,1997,Dexter Coakley,Appalachian State (NC),OLB,69.6,215,4.52,21,38.0,125,4.21,7.48,1999
982,1997,Corey Dillon,Washington,RB,72.6,217,4.89,19,31.8,111,4.39,7.31,1999
986,1997,Warrick Dunn,Florida State,RB,68.0,176,4.89,19,31.8,111,4.39,7.31,1997
989,1997,James Farrior,Virginia,OLB,73.8,234,4.89,22,35.5,120,4.4,7.62,2004
991,1997,Tarik Glenn,California,OT,77.3,354,5.75,20,23.0,111,4.39,7.31,2004
994,1997,Tony Gonzalez,California,TE,76.1,244,4.83,19,33.5,116,4.06,7.75,1999
1008,1997,Priest Holmes,Texas,RB,68.9,213,4.73,18,33.0,115,4.14,7.4,2001
1011,1997,Sammy Knight,Southern California,OLB,71.8,203,4.9,19,31.5,108,4.31,7.25,2001
1012,1997,Chad Lewis,Brigham Young,TE,77.4,248,4.88,15,31.0,119,4.47,7.76,2000
1015,1997,Tremain Mack,Miami (FL),SS,71.9,200,4.54,19,35.0,123,4.19,7.24,1999
1016,1997,Sam Madison,Louisville,CB,71.1,181,4.61,8,36.5,119,4.16,7.19,1999
1020,1997,Derrick Mason,Michigan State,WR,70.8,193,4.55,19,32.0,113,4.46,7.33,2000
1022,1997,Keith Mitchell,Texas A&M,OLB,74.5,240,4.73,22,35.5,111,4.39,7.31,2000
1023,1997,Orlando Pace,Ohio State,OT,78.9,334,4.89,19,31.8,111,4.39,7.31,1999
1030,1997,Jake Plummer,Arizona State,QB,74.3,195,4.96,19,30.0,111,4.29,7.3,2005
1031,1997,Trevor Pryce,Clemson,DT,77.8,282,5.01,17,29.5,110,4.61,7.93,1999
1035,1997,Darrell Russell,Southern California,DT,76.6,321,4.89,25,31.5,96,4.26,7.65,1998
1037,1997,Darren Sharper,William & Mary (VA),SS,73.8,206,4.64,16,39.0,121,4.24,6.97,2000
1048,2005,Alex Smith,Utah,QB,76.13,217,4.78,21,32.0,113,3.96,6.82,2013
1051,1997,Shawn Springs,Ohio State,CB,71.9,197,4.89,17,31.8,111,4.39,7.31,1998
1052,1997,Jason Taylor,Akron,DE,78.0,243,4.67,18,32.0,111,4.07,7.27,2000
1064,1997,Mike Vrabel,Ohio State,DE,76.1,270,4.94,23,29.5,102,4.43,7.77,2007
1065,1997,Marcellus Wiley,Columbia (NY),DE,76.8,271,4.91,28,35.5,122,4.5,7.48,2001
1066,1997,Pat Williams,Texas A&M,DT,75.1,288,4.9,24,26.5,93,4.72,8.36,2006
1069,1998,Stephen Alexander,Oklahoma,TE,76.4,246,4.65,18,35.5,122,4.09,7.48,2000
1070,1998,Fred Beasley,Auburn,FB,71.4,220,4.91,16,32.0,114,4.18,7.58,2003
1071,1998,Matt Birk,Harvard,OT,76.9,308,5.4,21,29.5,106,4.45,8.13,2000
1077,1998,Keith Brooking,Georgia Tech,OLB,74.4,244,4.88,24,31.9,112,4.35,7.31,2001
1083,2000,Mike Brown,Nebraska,SS,69.9,204,4.6,14,36.0,116,4.01,6.93,2005
1084,1998,Corey Chavous,Vanderbilt,CB,71.8,204,4.55,15,39.5,120,3.96,7.65,2003
1085,1998,Sam Cowart,Florida State,OLB,72.9,246,4.88,20,30.5,112,4.28,7.84,2000
1086,1998,Phil Dawson,Texas,K,70.6,187,4.88,20,31.9,112,4.35,7.31,2012
1087,1998,Greg Ellis,North Carolina,DE,77.3,281,4.87,26,35.5,118,4.48,8.03,2007
1088,1998,Alan Faneca,Louisiana State,OG,76.6,322,5.47,20,26.0,94,4.71,8.66,2001
1097,1998,Ahman Green,Nebraska,RB,71.8,213,4.44,13,38.5,129,4.35,7.31,2001
1101,1998,Olin Kreutz,Washington,C,74.1,300,5.32,30,28.0,100,4.55,8.1,2001
1107,1998,Leonard Little,Tennessee,DE,75.4,237,4.88,18,31.9,112,4.35,7.31,2003
1108,1998,Peyton Manning,Tennessee,QB,77.3,230,4.88,20,31.9,112,4.35,7.31,1999
1122,1998,Randy Moss,Marshall (WV),WR,75.6,194,4.38,20,33.0,117,4.17,7.19,1998
1128,1998,Jeremy Newberry,California,C,76.9,314,5.44,27,27.5,99,4.77,8.34,2001
1130,1998,Samari Rolle,Florida State,CB,71.0,173,4.88,20,31.9,112,4.35,7.31,2000
1131,1998,Jeff Saturday,North Carolina,C,74.4,292,5.24,25,25.0,100,4.85,8.52,2005
1137,1998,Takeo Spikes,Auburn,ILB,72.9,234,4.88,27,37.0,124,4.14,7.84,2003
1139,1998,Fred Taylor,Florida,RB,71.9,226,4.88,20,31.9,112,4.35,7.31,2007
1140,1998,Tra Thomas,Florida State,OT,79.8,349,4.88,24,31.9,112,4.35,7.31,2001
1143,1998,Jeremiah Trotter,Stephen F. Austin (TX),ILB,72.5,261,4.68,32,34.0,117,4.14,7.62,2000
1147,1998,Hines Ward,Georgia,WR,71.6,195,4.88,20,30.5,110,4.09,7.09,2001
1151,1999,Brendon Ayanbadejo,UCLA,OLB,73.0,234,4.67,18,36.0,117,4.36,7.57,2006
1154,1999,Jerry Azumah,New Hampshire,RB,70.0,195,4.5,15,43.5,129,3.86,6.9,2003
1155,1999,Champ Bailey,Georgia,CB,71.8,184,4.28,21,37.0,121,3.79,7.31,2000
1167,1999,Dre' Bly,North Carolina,CB,69.9,186,4.51,21,34.5,116,4.09,7.1,2003
1169,1999,David Boston,Ohio State,WR,73.3,215,4.47,21,37.0,116,4.09,7.2,2001
1170,1999,Daunte Culpepper,Central Florida,QB,75.8,255,4.52,21,39.0,122,4.13,7.21,2000
1173,1999,Torry Holt,North Carolina State,WR,72.3,192,4.44,21,37.0,118,4.36,7.31,2000
1180,1999,Edgerrin James,Miami (FL),RB,72.0,216,4.38,21,32.2,110,3.88,6.87,1999
1184,1999,Jevon Kearse,Florida,OLB,76.9,262,4.58,21,37.0,122,4.24,7.31,1999
1187,1999,Patrick Kerney,Virginia,DE,77.6,266,4.72,21,31.0,111,4.42,7.45,2004
1189,1999,Chris McAlister,Arizona,CB,73.1,206,4.53,21,38.0,121,4.08,6.9,2003
1192,1999,Donovan McNabb,Syracuse,QB,74.3,223,4.64,21,33.0,116,4.38,7.3,2000
1198,1999,Joey Porter,Colorado State,OLB,74.5,241,4.68,27,39.0,122,4.41,7.37,2002
1206,1999,Mike Rucker,Nebraska,DE,76.8,260,4.86,17,33.5,108,4.33,7.4,2003
1207,1999,Aaron Smith,Northern Colorado,DE,77.1,279,5.08,19,29.5,110,4.34,7.48,2004
1208,1999,Gary Stills,West Virginia,OLB,73.4,238,4.76,23,31.5,110,4.28,7.33,2003
1210,2000,Marcus Washington,Auburn,OLB,75.3,252,4.7,21,35.0,118,4.49,6.91,2004
1211,1999,Brian Waters,North Texas,TE,74.1,281,4.99,26,32.0,113,4.63,7.52,2004
1217,1999,Ricky Williams,Texas,RB,70.8,244,4.56,21,37.0,124,4.36,7.31,2002
1219,1999,Al Wilson,Tennessee,ILB,71.8,239,4.56,17,33.0,116,4.25,7.31,2001
1224,1999,Antoine Winfield,Ohio State,CB,68.6,176,4.41,21,37.0,122,3.95,6.84,2008
1227,2020,Antoine Winfield,Minnesota,S,69.13,203,4.45,20,36.0,124,4.46,7.31,2008
1230,1999,Damien Woody,Boston College,C,75.1,328,5.15,26,28.5,98,4.99,8.21,2002
1231,2000,Tom Brady,Michigan,QB,76.4,211,5.3,21,24.5,99,4.38,7.2,2001
1246,2000,Marc Bulger,West Virginia,QB,73.6,208,4.96,21,32.4,100,4.34,7.46,2003
1248,2000,Keith Bulluck,Syracuse,OLB,75.0,244,4.47,21,38.0,119,4.13,7.33,2003
1249,2000,Chad Clifton,Tennessee,OT,77.3,334,5.12,24,30.5,102,4.73,7.58,2007
1251,2000,Laveranues Coles,Florida State,WR,71.3,192,4.48,21,34.0,115,4.39,6.89,2003
1252,2000,Kabeer Gbaja-Biamila,San Diego State,OLB,76.0,243,4.65,21,34.0,120,4.28,6.9,2003
1253,2000,Ian Gold,Michigan,OLB,73.1,221,4.58,21,33.0,115,4.19,6.97,2001
1254,2000,Jamal Lewis,Tennessee,RB,71.8,240,4.58,23,32.4,112,4.39,7.31,2003
1255,2000,Marvel Smith,Arizona State,OT,77.0,320,5.34,24,27.5,100,4.84,7.87,2004
1256,2000,Adalius Thomas,Southern Mississippi,DE,74.4,270,4.57,21,38.5,120,4.42,7.31,2003
1258,2000,Brian Urlacher,New Mexico,OLB,75.9,258,4.61,27,34.0,122,4.18,6.94,2000
1266,2001,Alex Bannister,Eastern Kentucky,WR,76.6,201,4.5,20,30.5,110,4.37,7.31,2003
1267,2001,Kendrell Bell,Georgia,ILB,73.3,234,4.62,24,38.5,124,4.5,7.25,2001
1268,2001,Michael Bennett,Wisconsin,RB,69.3,207,4.44,13,39.5,130,4.37,7.31,2002
1272,2009,Michael Bennett,Texas A&M,DE,75.5,274,5.0,24,31.0,110,4.45,7.31,2002
1280,2001,Drew Brees,Purdue,QB,72.3,213,4.85,20,32.0,105,4.21,7.09,2004
1293,2001,Derrick Burgess,Mississippi,DE,74.4,264,4.9,24,40.0,125,4.37,7.85,2005
1295,2001,Andre Carter,California,DE,76.4,249,4.84,20,38.5,132,4.24,7.31,2011
1297,2001,Chris Chambers,Wisconsin,WR,71.6,210,4.33,20,45.0,134,4.0,7.31,2005
1298,2001,Alge Crumpler,North Carolina,TE,74.5,266,4.79,22,34.0,112,4.43,7.38,2003
1302,2001,Leonard Davis,Texas,OT,78.0,370,5.32,33,28.0,105,5.18,8.2,2007
1305,2001,Casey Hampton,Texas,DT,73.3,314,5.25,34,34.3,112,4.37,7.31,2003
1310,2001,Todd Heap,Arizona State,TE,76.6,252,4.68,22,32.0,112,4.37,7.31,2002
1312,2001,Travis Henry,Tennessee,RB,69.1,223,4.61,23,35.5,112,4.37,7.31,2002
1313,2001,Steve Hutchinson,Michigan,OG,77.1,315,5.14,31,33.5,106,4.74,7.82,2003
1320,2001,Kris Jenkins,Maryland,DT,76.9,318,5.18,33,31.0,108,4.4,7.85,2002
1324,2001,Chad Johnson,Oregon State,WR,73.0,192,4.58,20,33.0,108,4.14,7.51,2003
1330,2001,Rudi Johnson,Auburn,RB,69.6,227,4.57,24,37.5,119,4.22,7.32,2004
1331,2001,Matt Light,Purdue,OT,76.8,311,5.3,26,34.3,112,4.49,7.84,2006
1334,2001,Deuce McAllister,Mississippi,RB,73.1,222,4.41,20,37.5,112,4.37,7.31,2002
1336,2001,Santana Moss,Miami (FL),WR,69.6,184,4.31,20,42.0,112,4.37,7.31,2005
1337,2001,Koren Robinson,North Carolina State,WR,73.5,211,4.61,20,38.5,123,4.37,7.31,2005
1338,2001,Aaron Schobel,Texas Christian,DE,75.6,263,4.75,20,38.0,119,4.03,7.16,2006
1340,2001,Justin Smith,Missouri,DE,76.1,267,4.64,26,34.0,117,4.37,7.31,2009
1345,2001,Marcus Stroud,Georgia,DT,78.1,321,5.13,21,30.0,110,4.72,8.07,2003
1348,2001,LaDainian Tomlinson,Texas Christian,RB,70.3,221,4.43,18,40.5,124,4.21,6.84,2002
1353,2001,Kyle Vanden Bosch,Nebraska,DE,76.1,270,4.66,26,36.5,119,4.08,6.82,2005
1356,2001,Michael Vick,Virginia Tech,QB,72.0,210,4.33,20,38.0,112,4.37,7.31,2002
1360,2001,Reggie Wayne,Miami (FL),WR,72.0,198,4.45,20,36.0,112,4.37,7.31,2006
1366,2001,Adrian Wilson,North Carolina State,SS,74.4,213,4.55,21,39.5,120,4.37,7.31,2006
1371,2002,LeCharles Bentley,Ohio State,C,74.4,299,5.21,22,25.5,100,4.54,7.85,2003
1373,2002,Dwight Freeney,Syracuse,DE,72.9,266,4.48,28,33.5,111,4.33,7.31,2003
1380,2002,David Garrard,East Carolina (NC),QB,73.9,235,4.83,22,33.5,110,4.26,7.35,2009
1381,2002,Jonathan Goodwin,Michigan,OG,75.3,318,5.04,22,33.5,111,4.33,7.31,2009
1382,2002,Andre Gurode,Colorado,OG,76.4,316,5.37,22,30.5,96,5.05,8.15,2006
1387,2002,John Henderson,Tennessee,DT,78.9,306,4.87,24,27.5,106,4.66,7.71,2004
1389,2002,Chris Hope,Florida State,FS,71.6,210,4.56,28,33.5,112,4.33,7.31,2008
1390,2002,Brett Keisel,Brigham Young,DE,77.0,279,4.93,26,33.5,106,4.51,7.28,2010
1391,2002,Michael Lewis,Colorado,SS,73.1,211,4.56,16,36.5,121,4.14,6.96,2002
1393,2002,Brandon Moore,Illinois,OG,75.0,293,5.26,32,25.5,96,4.64,7.84,2011
1396,2012,Josh Norman,Coastal Carolina (SC),CB,72.25,197,4.61,14,33.0,124,4.23,7.09,2015
1404,2007,Adrian Peterson,Oklahoma,RB,73.5,217,4.41,22,38.5,127,4.4,7.09,2007
1411,2002,Javon Walker,Florida State,WR,74.8,210,4.4,22,39.5,124,4.05,6.86,2004
1412,2002,Brian Westbrook,Villanova,RB,68.4,200,4.59,26,37.0,118,4.33,7.09,2004
1414,2002,Roy Williams,Oklahoma,SS,72.4,219,4.53,13,30.5,111,4.33,7.31,2003
1420,2003,Nnamdi Asomugha,California,CB,74.4,213,4.5,16,37.5,124,4.39,7.31,2008
1423,2003,Anquan Boldin,Florida State,WR,72.6,216,4.73,22,33.5,114,4.25,7.35,2003
1426,2003,Lance Briggs,Arizona,ILB,72.6,242,4.78,25,33.0,113,4.39,7.31,2005
1433,2003,Dallas Clark,Iowa,TE,75.4,257,4.65,22,37.5,123,4.39,7.31,2009
1434,2003,David Diehl,Illinois,OG,78.0,310,5.26,22,28.0,96,4.97,8.1,2009
1435,2003,Jordan Gross,Utah,OT,76.5,300,5.05,28,31.5,112,4.34,7.69,2008
1438,2003,Ken Hamlin,Arkansas,FS,74.5,209,4.6,16,33.0,117,3.92,6.78,2007
1439,2003,E.J. Henderson,Maryland,ILB,72.9,245,4.8,20,32.8,112,4.39,7.31,2010
1440,2003,Larry Johnson,Penn State,RB,74.4,214,4.55,19,32.8,112,4.39,7.31,2005
1442,2003,Cato June,Michigan,SS,72.1,218,4.66,22,35.0,113,4.39,7.31,2005
1443,2003,Dan Koppen,Boston College,C,74.6,297,5.31,27,28.5,101,4.46,8.24,2007
1444,2003,Brandon Lloyd,Illinois,WR,72.1,184,4.61,22,36.0,112,4.39,7.31,2010
1445,2003,Rashean Mathis,Bethune-Cookman (FL),FS,72.8,202,4.47,22,38.5,123,4.15,7.08,2006
1446,2003,Terrence McGee,Northwestern State (LA),CB,69.6,201,4.55,15,37.0,126,4.07,6.87,2004
1447,2003,Hanik Milligan,Houston,FS,74.4,201,4.5,9,36.5,130,4.18,7.09,2005
1448,2003,Ovie Mughelli,Wake Forest,FB,73.1,255,4.73,22,31.5,114,4.32,7.78,2010
1449,2003,Terence Newman,Kansas State,CB,70.4,189,4.41,10,41.0,136,3.82,6.88,2007
1451,2003,Kassim Osgood,San Diego State,WR,76.9,208,4.7,22,31.0,122,4.4,7.19,2006
1454,2003,Carson Palmer,Southern California,QB,77.0,232,4.65,22,32.8,112,4.39,7.31,2005
1457,2003,Tony Romo,Eastern Illinois,QB,74.0,230,5.01,22,30.0,105,4.2,7.11,2006
1461,2003,Asante Samuel,Central Florida,CB,70.9,185,4.52,9,35.5,120,4.09,6.94,2007
1469,2003,Clifton Smith,Syracuse,ILB,74.4,253,4.88,22,32.8,112,4.39,7.31,2008
1470,2003,Wade Smith,Memphis,OT,75.9,296,5.15,24,32.5,114,4.71,7.6,2012
1471,2003,Jon Stinchcomb,Georgia,OT,77.0,302,5.09,32,35.0,115,4.58,7.83,2009
1472,2003,Charles Tillman,Louisiana-Lafayette,CB,73.0,207,4.49,12,40.0,131,3.89,7.05,2011
1474,2003,Marcus Trufant,Washington State,CB,71.1,199,4.43,11,39.0,127,4.3,6.85,2007
1475,2003,Jason Witten,Tennessee,TE,77.8,264,4.65,25,31.0,112,4.39,7.31,2004
1486,2004,Jared Allen,Idaho State,DE,78.0,265,4.76,13,33.0,120,4.34,7.11,2007
1496,2004,Shawn Andrews,Arkansas,OT,76.1,366,5.49,27,25.0,98,4.85,8.25,2006
1498,2004,Jason Babin,Western Michigan,DE,74.6,260,4.65,28,34.0,121,4.14,7.03,2010
1500,2004,Tyson Clabo,Wake Forest,OG,78.9,315,5.45,24,30.0,100,4.88,8.09,2010
1501,2004,Darnell Dockett,Florida State,DT,75.4,297,5.0,26,31.0,105,4.33,7.31,2007
1504,2004,DeAngelo Hall,Virginia Tech,CB,70.0,202,4.36,22,32.6,113,4.33,7.31,2005
1507,2004,Nick Hardwick,Purdue,C,75.5,295,5.2,27,34.0,108,4.55,7.72,2006
1509,2012,Josh Harris,Auburn,C,73.13,252,4.82,15,31.0,119,4.19,7.17,2021
1511,2004,Tommie Harris,Oklahoma,DT,74.5,295,4.68,29,32.6,113,4.33,7.31,2005
1514,2004,Eli Manning,Mississippi,QB,76.8,221,4.9,22,32.6,113,4.33,7.31,2008
1518,2004,Jason Peters,Arkansas,TE,76.5,336,4.99,21,29.0,115,4.75,7.7,2007
1527,2004,Shaun Phillips,Purdue,DE,75.1,255,4.83,22,33.0,114,4.23,6.95,2010
1528,2004,Philip Rivers,North Carolina State,QB,77.0,229,5.08,22,32.6,113,4.33,7.31,2006
1536,2004,Ben Roethlisberger,Miami (OH),QB,76.9,241,4.75,22,32.6,113,4.33,7.31,2007
1542,2004,Bob Sanders,Iowa,SS,68.4,204,4.4,15,41.5,128,3.91,6.7,2005
1544,2004,Matt Schaub,Virginia,QB,77.6,243,5.05,22,30.5,110,4.62,7.65,2009
1546,2004,Antonio Smith,Oklahoma State,DE,75.4,274,5.05,24,33.0,108,4.75,7.31,2011
1547,2004,Chris Snee,Boston College,OG,74.8,314,5.1,29,30.5,104,4.66,7.75,2008
1551,2004,Randy Starks,Maryland,DT,75.4,314,5.03,27,29.5,102,4.33,7.31,2010
1553,2004,Michael Turner,Northern Illinois,RB,70.5,237,4.49,22,31.0,114,4.15,7.5,2008
1555,2004,Scott Wells,Tennessee,C,73.9,300,5.26,31,31.0,109,4.35,7.56,2011
1556,2004,Vince Wilfork,Miami (FL),DT,73.3,323,5.21,36,32.6,113,4.33,7.31,2007
1561,2004,Kellen Winslow,Miami (FL),TE,75.9,251,4.62,24,32.6,120,4.33,7.31,1987
1563,2005,Lorenzo Alexander,California,DT,74.0,289,5.16,28,29.5,106,4.55,7.53,2012
1565,2005,Derek Anderson,Oregon State,QB,78.13,242,5.06,21,29.0,101,4.62,7.67,2007
1566,2005,Jammal Brown,Oklahoma,OT,77.88,316,5.09,26,31.5,109,4.67,7.93,2006
1568,2005,Ronnie Brown,Auburn,RB,72.25,233,4.46,18,34.0,117,4.08,7.1,2008
1569,2005,Brandon Browner,Oregon State,CB,75.5,221,4.67,13,36.5,120,4.24,7.2,2011
1570,2005,Mark Clayton,Oklahoma,WR,70.38,193,4.43,21,36.5,117,4.07,6.95,1988
1572,2005,Trent Cole,Cincinnati,OLB,74.25,236,4.7,15,38.0,124,4.22,6.98,2007
1574,2005,Nick Collins,Bethune-Cookman (FL),CB,71.13,206,4.42,11,40.0,113,4.16,6.94,2008
1577,2005,Dustin Colquitt,Tennessee,P,74.38,211,4.81,21,34.1,112,4.29,7.31,2012
1579,2005,Thomas Davis,Georgia,FS,73.0,230,4.64,21,36.5,115,3.97,7.09,2015
1582,2005,John Denney,Brigham Young,DE,77.5,265,4.98,20,34.1,110,4.28,6.9,2010
1584,2005,Braylon Edwards,Michigan,WR,74.88,211,4.45,22,38.0,112,4.02,6.83,2007
1585,2005,Frank Gore,Miami (FL),RB,69.38,217,4.58,21,34.0,109,4.11,6.91,2006
1590,2005,Richie Incognito,Nebraska,C,75.25,305,4.92,29,34.1,112,4.29,7.31,2012
1594,2005,Vincent Jackson,Northern Colorado,WR,76.75,241,4.5,23,39.0,129,4.0,7.31,2009
1597,2005,Derrick Johnson,Texas,OLB,75.25,242,4.54,21,37.5,120,3.87,7.2,2011
1601,2005,Adam Jones,West Virginia,CB,69.5,187,4.38,9,38.5,112,4.29,7.31,2015
1602,2005,Logan Mankins,Frenso State (CA),OG,76.13,307,5.14,21,30.0,95,4.44,7.52,2007
1609,2005,Evan Mathis,Alabama,OG,77.25,304,4.96,35,34.0,117,4.16,7.37,2013
1611,2005,Jerome Mathis,Hampton (VA),WR,71.25,181,4.26,21,35.5,123,4.29,7.31,2005
1612,2005,Shawne Merriman,Maryland,DE,76.38,272,4.68,25,40.0,121,4.21,7.31,2005
1615,2005,Heath Miller,Virginia,TE,77.0,256,4.81,21,34.1,112,4.29,7.31,2009
1617,2005,Justin Miller,Clemson,CB,69.8,201,4.46,15,41.5,126,4.29,7.31,2006
1623,2014,C.J. Mosley,Alabama,ILB,74.0,234,4.65,15,35.0,116,4.4,7.3,2014
1628,2005,Chris Myers,Miami (FL),OG,76.63,300,5.18,25,32.0,106,4.35,7.35,2011
1630,2005,Jay Ratliff,Auburn,DE,75.75,292,4.85,26,33.5,117,4.23,7.35,2008
1634,2005,Aaron Rodgers,California,QB,74.0,223,4.75,21,34.5,110,4.32,7.38,2009
1644,2005,Carlos Rogers,Auburn,CB,72.38,196,4.45,15,40.5,126,3.82,6.48,2011
1645,2005,Antrel Rolle,Miami (FL),CB,72.13,201,4.5,15,37.0,123,4.01,6.68,2009
1648,2005,Michael Roos,Eastern Washington,OT,78.63,320,5.28,19,29.0,96,4.5,7.72,2008
1649,2005,Darren Sproles,Kansas State,RB,66.13,187,4.49,23,33.0,102,3.96,6.96,2014
1652,2005,Lofa Tatupu,Southern California,ILB,71.88,238,4.84,23,35.0,113,4.16,7.31,2005
1655,2005,Justin Tuck,Notre Dame,DE,77.0,268,4.71,24,37.5,118,4.29,7.33,2008
1657,2005,Cameron Wake,Penn State,OLB,74.75,236,4.65,20,45.5,130,4.13,7.12,2010
1662,2005,DeMarcus Ware,Troy (AL),OLB,76.0,251,4.6,27,38.5,122,4.07,6.83,2006
1671,2005,Roddy White,Alabama-Birmingham,WR,73.25,207,4.46,18,41.0,126,4.01,7.12,2008
1675,2006,Joseph Addai,Louisiana State,RB,71.25,214,4.43,18,37.0,125,4.47,7.09,2007
1676,2006,Miles Austin,Monmouth (NJ),WR,74.13,215,4.5,21,40.5,123,4.14,7.09,2009
1678,2006,Antoine Bethea,Howard (DC),FS,71.0,203,4.42,19,36.5,127,4.11,6.99,2007
1681,2006,Antonio Cromartie,Florida State,CB,74.13,208,4.5,18,38.0,132,4.36,7.31,2007
1685,2006,Jay Cutler,Vanderbilt,QB,75.25,226,4.81,23,34.0,114,4.26,7.1,2008
1686,2006,Owen Daniels,Wisconsin,TE,75.38,253,4.66,23,34.5,114,4.1,6.87,2008
1688,2006,Vernon Davis,Maryland,TE,75.25,254,4.39,33,42.0,128,4.17,7.0,2009
1690,2006,Elvis Dumervil,Louisville,DE,71.38,257,4.78,30,34.0,114,4.36,7.31,2009
1695,2006,Jahri Evans,Bloomsburg,OT,76.5,316,5.25,20,27.0,95,4.8,7.98,2009
1701,2006,Cortland Finnegan,Samford (AL),CB,69.88,188,4.34,14,44.0,128,4.34,6.95,2008
1702,2006,Chad Greenway,Iowa,OLB,74.5,242,4.8,16,33.5,117,4.22,7.0,2011
1704,2006,Jason Hatcher,Grambling State (LA),DE,77.88,284,4.91,28,35.5,113,4.49,7.67,2013
1705,2006,Devin Hester,Miami (FL),WR,70.63,190,4.46,16,38.0,124,4.36,7.31,2006
1709,2006,D'Qwell Jackson,Maryland,ILB,72.5,230,4.77,19,37.0,116,4.36,7.05,2014
1710,2006,Greg Jennings,Western Michigan,WR,71.13,197,4.47,21,36.5,117,4.16,6.68,2010
1712,2006,Tim Jennings,Georgia,CB,67.75,185,4.38,17,37.5,117,4.36,7.31,2012
1714,2006,Maurice Jones-Drew,UCLA,RB,66.75,207,4.39,18,36.0,116,4.38,7.08,2009
1717,2006,Davin Joseph,Oklahoma,OG,74.63,311,5.13,24,32.0,111,4.97,7.74,2008
1719,2006,Johnathan Joseph,South Carolina,CB,71.0,193,4.37,15,37.0,123,4.23,6.92,2011
1721,2006,Marcedes Lewis,UCLA,TE,78.38,261,4.84,23,37.0,118,4.82,7.24,2010
1722,2006,Nick Mangold,Ohio State,C,75.63,300,5.09,24,27.5,104,4.36,7.47,2008
1729,2006,Brandon Marshall,Central Florida,WR,76.5,229,4.54,28,37.0,120,4.09,7.05,2008
1741,2006,Marcus McNeill,Auburn,OT,79.63,336,5.09,21,31.0,98,5.0,8.19,2006
1743,2006,Haloti Ngata,Oregon,DT,76.13,338,5.18,37,31.5,110,4.65,7.95,2009
1748,2006,Donald Penn,Utah State,OT,76.25,317,4.78,21,34.0,114,4.36,7.31,2010
1751,2006,Gerald Riggs,Michigan State,RB,70.88,232,4.62,17,36.5,115,4.25,7.15,1987
1752,2006,DeMeco Ryans,Alabama,OLB,73.25,236,4.67,23,39.0,129,4.17,7.19,2007
1760,2012,Harrison Smith,Notre Dame,SS,73.88,213,4.54,19,34.0,122,4.12,6.63,2015
1766,2006,Delanie Walker,Central Missouri,WR,73.25,240,4.55,21,36.5,118,4.6,7.23,2015
1769,2006,Leon Washington,Florida State,RB,67.88,201,4.49,17,32.5,105,4.37,6.94,2008
1771,2006,Donte Whitner,Ohio State,SS,70.1,204,4.44,18,40.0,132,4.36,7.31,2012
1773,2006,Andrew Whitworth,Louisiana State,OT,79.0,334,5.17,28,30.5,112,4.83,8.23,2012
1779,2013,Brandon Williams,Missouri Southern,DT,73.25,335,5.37,38,29.5,102,4.91,8.09,2018
1782,2006,DeAngelo Williams,Memphis,RB,69.0,214,4.49,25,35.5,121,4.1,6.57,2009
1783,2006,Mario Williams,North Carolina State,DE,74.4,269,4.75,25,34.0,111,4.54,7.49,2008
1787,2006,Vince Young,Texas,QB,76.6,229,4.48,21,34.0,114,4.36,7.31,2006
1791,2017,Jonathan Allen,Alabama,DE,74.63,286,5.0,21,30.0,108,4.44,7.49,2021
1793,2007,Jon Beason,Miami (FL),OLB,72.25,237,4.76,19,32.9,111,4.42,7.31,2008
1796,2007,Dwayne Bowe,Louisiana State,WR,74.25,221,4.58,22,33.0,125,4.35,6.81,2010
1797,2007,Jermon Bushrod,Towson (MD),OG,76.63,315,4.92,22,30.5,102,4.72,7.31,2011
1799,2007,Zak DeOssie,Brown (RI),ILB,76.63,250,4.61,26,34.5,122,4.22,6.89,2008
1801,2007,Brandon Fields,Michigan State,P,76.88,239,4.8,22,32.9,114,4.42,7.31,2013
1802,2007,Nick Folk,Arizona,K,73.38,225,4.8,14,32.9,114,4.42,7.31,2007
1803,2007,Dashon Goldson,Washington,FS,74.0,205,4.64,12,34.5,115,4.46,7.37,2011
1805,2007,Corey Graham,New Hampshire,CB,71.88,195,4.8,10,32.9,114,4.42,7.31,2011
1806,2007,Michael Griffin,Texas,SS,71.75,202,4.48,16,36.0,120,4.1,6.6,2008
1808,2007,Ben Grubbs,Auburn,OG,74.75,311,5.21,29,26.5,103,4.72,7.99,2011
1810,2007,Clark Harris,Rutgers,TE,77.5,261,4.81,21,32.0,112,4.4,7.21,2017
1811,2007,Calvin Johnson,Georgia Tech,WR,77.0,239,4.38,22,42.5,139,4.42,7.31,2010
1817,2007,Jacoby Jones,Lane College (TN),WR,74.63,210,4.55,22,34.0,129,4.31,7.03,2012
1818,2007,Ryan Kalil,Southern California,C,74.75,299,4.98,34,26.0,104,4.34,7.5,2009
1823,2007,LaRon Landry,Louisiana State,FS,72.5,213,4.38,22,37.5,123,4.42,7.31,2012
1824,2007,Marshawn Lynch,California,RB,71.13,215,4.48,20,35.5,125,4.55,7.05,2008
1829,2007,Le'Ron McClain,Alabama,FB,72.13,256,4.9,14,29.5,113,4.47,7.14,2008
1831,2007,Brandon Meriweather,Miami (FL),FS,70.63,195,4.5,11,35.0,111,4.33,7.06,2009
1833,2007,Zach Miller,Arizona State,TE,76.38,256,4.89,16,34.0,115,4.42,7.01,2010
1835,2007,Reggie Nelson,Florida,FS,71.38,198,4.51,22,34.5,126,4.15,6.67,2015
1837,2007,Greg Olsen,Miami (FL),TE,77.88,254,4.53,23,35.5,114,4.48,7.04,2014
1840,2007,Paul Posluszny,Penn State,OLB,73.63,238,4.71,22,37.0,116,4.2,6.94,2013
1841,2007,Darrelle Revis,Pittsburgh,CB,71.5,204,4.38,16,38.0,125,4.08,6.56,2008
1848,2007,Sidney Rice,South Carolina,WR,75.5,200,4.53,22,39.5,119,4.34,7.09,2009
1849,2007,Paul Soliai,Utah,DT,76.0,344,5.12,22,29.5,103,4.69,7.66,2011
1850,2007,Anthony Spencer,Purdue,DE,74.88,261,4.73,30,32.5,112,4.43,7.14,2012
1851,2007,Joe Staley,Central Michigan,OT,77.88,306,4.78,27,32.0,112,4.4,7.09,2011
1857,2007,Joe Thomas,Wisconsin,OT,78.63,311,4.94,28,33.0,110,4.88,7.95,2007
1867,2007,Lawrence Timmons,Florida State,OLB,72.88,234,4.67,25,35.0,123,4.32,6.89,2014
1868,2007,Eric Weddle,Utah,SS,71.25,203,4.5,11,33.5,113,4.12,6.78,2011
1886,2007,Patrick Willis,Mississippi,ILB,73.13,242,4.53,22,39.0,119,4.46,7.23,2007
1893,2007,LaMarr Woodley,Michigan,DE,73.5,266,4.74,29,38.5,117,4.42,7.31,2009
1894,2007,Marshal Yanda,Florida State,OT,75.88,307,5.15,23,27.0,101,4.58,7.36,2011
1902,2008,Branden Albert,Virginia,OG,77.63,309,5.21,23,26.0,111,4.78,7.97,2013
1904,2008,Cliff Avril,Purdue,OLB,74.88,253,4.63,27,32.5,117,4.51,6.9,2016
1905,2008,Gary Barnidge,Louisville,TE,77.63,243,4.64,22,31.0,117,4.23,6.92,2015
1906,2008,Martellus Bennett,Texas A&M,TE,78.13,259,4.75,18,34.0,118,4.53,7.64,2014
1907,2008,Duane Brown,Virginia Tech,OT,76.13,315,5.09,24,27.5,105,4.52,7.58,2012
1912,2008,Calais Campbell,Miami (FL),DE,79.75,290,5.11,16,29.5,111,4.69,7.45,2014
1918,2008,Jamaal Charles,Texas,RB,71.0,200,4.41,21,30.5,122,4.22,6.8,2010
1922,2008,Ryan Clady,Boise State,OT,78.13,309,5.18,24,31.0,108,4.73,7.07,2009
1926,2008,Thomas DeCoud,California,FS,73.38,207,4.56,9,35.5,122,4.27,6.85,2012
1927,2008,Jerome Felton,Furman (SC),FB,71.63,241,4.8,30,32.5,110,4.46,7.2,2012
1928,2008,Brandon Flowers,Virginia Tech,CB,69.75,189,4.59,14,30.0,117,4.08,6.72,2013
1929,2008,Justin Forsett,California,RB,68.0,194,4.62,26,26.5,112,4.46,6.96,2014
1930,2008,DeSean Jackson,California,WR,69.75,169,4.4,21,34.5,120,4.19,6.82,2009
1933,2008,Mike Jenkins,South Florida,CB,70.25,197,4.43,18,34.0,117,4.4,7.21,2009
1934,2008,Chris Johnson,East Carolina (NC),RB,71.0,197,4.3,21,35.0,130,4.43,7.31,2008
1937,2008,Jake Long,Michigan,OT,79.0,313,5.26,37,27.5,102,4.73,7.44,2008
1941,2008,Jerod Mayo,Tennessee,ILB,73.25,242,4.59,22,32.0,114,4.29,7.31,2010
1943,2008,Jordy Nelson,Kansas State,WR,74.63,217,4.55,21,31.0,123,4.35,7.03,2014
1944,2008,Carl Nicks,Nebraska,OT,76.88,341,5.26,31,25.5,109,4.68,7.91,2010
1946,2008,Marcel Reece,Washington,FB,72.13,231,4.42,21,36.5,114,4.26,7.2,2012
1949,2008,Ray Rice,Rutgers,RB,68.0,199,4.46,23,31.5,119,4.2,6.65,2009
1952,2008,Dominique Rodgers-Cromartie,Tennessee State,CB,73.5,184,4.36,17,38.5,131,4.17,6.74,2009
1954,2008,Matt Ryan,Boston College,QB,76.75,228,4.94,21,30.4,115,4.51,7.4,2010
1958,2008,Josh Sitton,Central Florida,OT,75.63,319,5.2,28,30.4,108,4.5,7.55,2012
1962,2008,Matthew Slater,Texas,FS,70.63,195,4.44,11,33.0,121,4.4,7.31,2011
1972,2008,Jonathan Stewart,Oregon,RB,70.25,235,4.48,28,36.5,128,4.53,7.44,2015
1974,2008,Aqib Talib,Kansas,CB,72.75,202,4.5,10,38.0,131,4.22,6.82,2013
1979,2008,Jeremy Zuttah,Rutgers,OT,75.38,303,5.07,35,26.5,107,4.54,7.59,2016
1980,2009,Connor Barwin,Cincinnati,OLB,75.63,256,4.59,21,40.5,128,4.18,6.87,2014
1981,2009,Jairus Byrd,Oregon,CB,70.13,207,4.68,15,35.0,113,4.1,6.75,2009
1984,2009,Jared Cook,South Carolina,TE,77.0,246,4.49,23,41.0,123,4.45,7.31,2018
1986,2009,Brian Cushing,Southern California,OLB,74.88,243,4.64,30,35.0,120,4.22,6.84,2009
1987,2009,Vontae Davis,Illinois,CB,71.13,203,4.4,25,36.0,125,4.07,6.75,2014
1989,2009,Arian Foster,Tennessee,RB,72.75,226,4.68,23,32.0,115,4.53,7.09,2010
1993,2009,Graham Gano,Florida State,K,72.38,194,4.78,22,33.0,113,4.45,7.31,2017
1994,2009,Percy Harvin,Florida,WR,71.13,192,4.39,19,37.5,121,4.45,7.31,2009
1995,2009,Kevin Huber,Cincinnati,P,72.88,220,4.78,22,33.0,113,4.45,7.31,2014
1996,2009,Malcolm Jenkins,Ohio State,CB,72.13,204,4.51,15,33.0,124,4.08,6.59,2015
2000,2015,David Johnson,Northern Iowa,RB,72.63,224,4.5,25,41.5,127,4.27,6.82,2016
2001,2009,Johnny Knox,Abilene Christian (TX),WR,71.5,185,4.29,22,35.0,122,4.15,6.81,2009
2002,2009,T.J. Lang,Eastern Michigan,OG,76.0,316,5.15,30,26.5,113,4.42,7.31,2016
2004,2009,Alex Mack,California,C,75.88,311,5.17,20,28.5,106,4.75,7.31,2010
2011,2009,Clay Matthews,Southern California,OLB,75.13,240,4.62,23,35.5,121,4.18,6.9,1987
2020,2009,Pat McAfee,West Virginia,K,71.5,228,4.78,22,33.0,113,4.45,7.31,2014
2022,2009,LeSean McCoy,Pittsburgh,RB,70.38,198,4.5,17,29.0,107,4.18,6.82,2011
2028,2009,Henry Melton,Texas,DE,75.63,269,4.64,22,34.5,121,4.45,7.31,2012
2029,2009,William Moore,Missouri,SS,72.13,221,4.56,16,37.0,123,4.26,6.81,2012
2030,2009,Thomas Morstead,Southern Methodist (TX),P,76.25,225,4.88,19,33.0,113,4.45,7.31,2012
2031,2009,Brian Orakpo,Texas,DE,75.0,263,4.63,31,39.5,130,4.45,7.26,2009
2035,2009,Cedric Peerman,Virginia,RB,69.5,216,4.34,27,40.0,117,4.29,6.99,2015
2036,2009,Glover Quin,New Mexico,FS,70.75,204,4.5,22,38.0,119,4.43,7.39,2014
2037,2009,B.J. Raji,Boston College,DT,73.5,337,5.12,33,32.0,103,4.69,7.9,2011
2038,2009,Matthew Stafford,Georgia,QB,74.25,225,4.81,22,30.5,107,4.47,7.06,2014
2039,2009,Max Unger,Oregon,C,76.63,309,5.26,22,24.5,93,4.5,7.39,2012
2042,2009,Louis Vasquez,Texas Tech,OG,76.75,333,5.22,39,30.5,103,4.94,7.66,2013
2043,2009,Mike Wallace,Mississippi,WR,72.38,199,4.28,14,40.0,129,4.27,6.9,2011
2044,2009,Eric Wood,Louisville,C,75.88,310,5.19,30,30.5,99,4.51,7.56,2015
2045,2010,Geno Atkins,Georgia,DT,73.38,293,4.75,34,33.0,117,4.43,7.33,2011
2053,2010,Zane Beadles,Utah,OG,76.38,310,5.28,27,33.6,113,4.43,7.31,2012
2054,2010,Eric Berry,Tennessee,FS,71.63,211,4.4,19,43.0,130,4.23,6.8,2010
2059,2010,Antonio Brown,Central Michigan,WR,70.13,186,4.56,13,33.5,105,4.18,6.98,2011
2066,2010,Dez Bryant,Oklahoma State,WR,74.0,225,4.52,14,38.0,133,4.46,7.1,2013
2069,2010,Kam Chancellor,Virginia Tech,FS,75.25,231,4.62,22,32.0,116,4.41,7.36,2011
2073,2010,Carlos Dunlap,Florida,DE,77.75,278,4.68,21,31.5,111,4.61,7.21,2015
2075,2010,Brandon Graham,Michigan,OLB,73.38,268,4.71,31,31.5,111,4.25,7.01,2020
2076,2010,Jimmy Graham,Miami (FL),TE,78.25,260,4.53,15,38.5,120,4.45,6.9,2011
2081,2010,Jermaine Gresham,Oklahoma,TE,77.25,261,4.66,20,35.0,113,4.53,7.07,2011
2083,2010,Everson Griffen,Southern California,DE,75.38,273,4.65,32,34.0,115,4.36,7.25,2015
2087,2010,Rob Gronkowski,Arizona,TE,78.25,258,4.68,23,33.5,119,4.47,7.18,2011
2092,2010,Joe Haden,Florida,CB,70.75,193,4.52,18,35.0,125,4.34,6.94,2013
2095,2010,Greg Hardy,Mississippi,DE,76.0,281,4.82,21,35.0,117,4.65,7.25,2013
2096,2010,Mike Iupati,Idaho,OG,77.13,331,5.24,27,27.5,92,4.93,7.85,2012
2100,2010,Reshad Jones,Georgia,SS,73.25,214,4.51,24,39.5,118,4.54,7.43,2015
2102,2010,Linval Joseph,East Carolina (NC),DT,76.5,328,5.09,39,30.0,100,4.71,8.12,2016
2104,2010,Sean Lee,Penn State,ILB,74.13,236,4.71,24,37.5,120,4.16,6.89,2015
2106,2010,Marc Mariani,Montana,WR,72.88,190,4.48,11,36.5,123,4.23,6.83,2010
2107,2010,Ryan Mathews,Frenso State (CA),RB,71.63,218,4.37,19,36.0,121,4.33,7.0,2011
2108,2010,Dexter McCluster,Mississippi,WR,68.75,172,4.53,20,37.5,118,4.06,6.73,2013
2109,2010,Devin McCourty,Rutgers,CB,70.75,193,4.38,16,36.0,126,4.07,6.7,2010
2111,2010,Gerald McCoy,Oklahoma,DT,76.13,295,5.04,23,30.5,114,4.48,7.32,2012
2117,2010,Russell Okung,Oklahoma State,OT,77.25,307,5.18,38,32.5,105,4.8,7.79,2012
2119,2010,Jason Pierre-Paul,South Florida,DE,76.75,270,4.71,19,30.5,115,4.67,7.18,2011
2122,2010,Maurkice Pouncey,Florida,C,76.5,304,5.25,25,27.0,95,4.92,7.74,2010
2131,2010,Andre Roberts,Citadel (SC),WR,70.88,195,4.4,15,36.0,120,4.15,6.77,2018
2134,2010,Rodger Saffold,Indiana,OT,76.63,316,5.21,27,29.5,113,4.67,7.42,2021
2136,2010,Emmanuel Sanders,Southern Methodist (TX),WR,70.88,186,4.4,12,39.5,126,4.1,6.64,2014
2138,2010,Sam Shields,Miami (FL),CB,70.75,184,4.3,15,39.0,133,4.19,6.79,2014
2139,2010,Mickey Shuler,Penn State,TE,76.13,251,4.63,28,37.5,131,4.25,6.77,1988
2140,2010,C.J. Spiller,Clemson,RB,70.63,196,4.27,18,36.0,126,4.43,7.31,2012
2141,2010,Darian Stewart,South Carolina,SS,71.0,213,4.53,12,37.0,122,4.32,6.89,2016
2142,2010,Darrell Stuckey,Kansas,SS,71.5,205,4.46,17,39.5,120,4.43,7.31,2014
2143,2010,Ndamukong Suh,Nebraska,DT,75.88,307,5.03,32,35.5,105,4.44,7.21,2010
2148,2010,Golden Tate,Notre Dame,WR,70.25,199,4.42,17,35.0,120,4.34,7.12,2014
2149,2010,Demaryius Thomas,Georgia Tech,WR,75.25,224,4.75,21,33.6,113,4.43,7.31,2012
2153,2010,Earl Thomas,Texas,CB,70.25,202,4.43,21,32.0,113,4.43,7.31,2011
2160,2010,Alterraun Verner,UCLA,CB,70.13,189,4.52,11,32.0,116,4.12,6.7,2013
2161,2010,T.J. Ward,Oregon,SS,70.5,211,4.56,19,34.0,121,4.12,7.0,2013
2163,2010,Daryl Washington,Texas Christian,OLB,73.75,230,4.58,17,31.0,114,4.43,7.07,2012
2164,2010,Trent Williams,Oklahoma,OT,76.63,315,4.81,23,34.5,113,4.63,7.64,2012
2174,2011,Dan Bailey,Oklahoma State,K,72.25,193,4.77,21,32.7,114,4.37,7.31,2015
2175,2011,Nick Bellore,Central Michigan,ILB,73.0,245,4.84,23,32.5,109,4.0,6.98,2020
2176,2011,Jordan Cameron,Southern California,TE,77.25,254,4.53,23,37.5,119,4.03,6.82,2013
2177,2011,Jurrell Casey,Southern California,DT,72.63,300,5.04,26,27.5,101,4.78,7.51,2015
2182,2011,Randall Cobb,Kentucky,WR,70.25,191,4.46,16,33.5,115,4.34,7.08,2014
2183,2011,Andy Dalton,Texas Christian,QB,74.0,215,4.83,21,29.5,106,4.27,6.93,2011
2186,2011,Marcell Dareus,Alabama,DT,75.13,319,4.93,24,27.0,106,4.62,7.83,2013
2188,2011,A.J. Green,Georgia,WR,75.63,211,4.48,18,34.5,126,4.21,6.91,2011
2202,2011,Cameron Heyward,Ohio State,DE,76.63,294,4.92,21,30.0,114,4.37,7.31,2017
2208,2011,Justin Houston,Georgia,OLB,74.88,270,4.62,30,36.5,125,4.37,6.95,2012
2212,2011,Rodney Hudson,Florida State,C,74.38,299,5.27,27,25.5,95,4.96,8.03,2016
2215,2011,Julio Jones,Alabama,WR,74.75,220,4.34,17,38.5,135,4.25,6.66,2012
2222,2011,Cameron Jordan,California,DE,76.13,287,4.74,25,31.0,117,4.37,7.07,2013
2230,2011,Jason Kelce,Cincinnati,C,74.63,280,4.89,21,30.5,110,4.14,7.22,2014
2236,2011,Greg Lloyd,Connecticut,ILB,73.13,246,4.8,22,32.0,109,4.46,7.17,1991
2241,2011,Von Miller,Texas A&M,OLB,74.63,246,4.42,21,37.0,126,4.06,6.7,2011
2249,2011,DeMarco Murray,Oklahoma,RB,71.63,213,4.37,21,34.5,130,4.18,7.28,2013
2252,2011,Cam Newton,Auburn,QB,77.0,248,4.56,21,35.0,126,4.18,6.92,2011
2255,2011,Patrick Peterson,Louisiana State,CB,72.25,219,4.31,15,38.0,126,4.07,6.58,2011
2263,2011,Mike Pouncey,Florida,OG,77.0,303,5.12,24,25.0,96,4.64,7.66,2013
2267,2011,Robert Quinn,North Carolina,DE,76.0,265,4.62,22,34.0,116,4.4,7.13,2013
2270,2011,Kyle Rudolph,Notre Dame,TE,78.13,259,4.83,19,34.5,113,4.37,7.24,2012
2272,2011,Anthony Sherman,Connecticut,FB,70.25,242,4.74,32,32.5,111,4.41,7.23,2018
2273,2011,Richard Sherman,Stanford,CB,74.63,195,4.54,16,38.0,125,4.33,6.82,2013
2278,2011,Aldon Smith,Missouri,DE,76.25,263,4.74,20,34.0,118,4.5,7.19,2012
2279,2011,Tyron Smith,Southern California,OT,77.0,307,5.08,29,29.0,109,4.68,7.47,2013
2287,2011,Tyrod Taylor,Virginia Tech,QB,72.75,217,4.47,21,37.5,126,4.09,6.78,2015
2288,2011,Julius Thomas,Portland State (OR),TE,76.63,246,4.64,16,35.5,111,4.31,6.96,2013
2290,2011,Muhammad Wilkerson,Temple,DT,76.13,315,4.96,27,26.0,106,4.59,7.31,2015
2291,2012,Bryan Anger,California,P,75.63,208,4.86,21,33.1,115,4.38,7.31,2021
2292,2012,Justin Bethel,Presbyterian (SC),FS,71.63,200,4.52,19,39.5,131,4.3,6.79,2013
2295,2012,Brandon Brooks,Miami (OH),OG,77.0,346,4.99,36,32.0,105,4.53,7.37,2017
2298,2012,Zach Brown,North Carolina,OLB,73.25,244,4.44,22,33.5,116,4.32,7.26,2016
2299,2012,Vontaze Burfict,Arizona State,ILB,73.38,248,5.0,16,30.0,104,4.56,7.51,2013
2300,2012,Kirk Cousins,Michigan State,QB,74.63,214,4.84,21,28.5,109,4.5,7.05,2016
2304,2012,Fletcher Cox,Mississippi State,DT,76.0,298,4.77,30,26.0,103,4.53,7.07,2015
2310,2012,Mike Daniels,Iowa,DT,72.5,291,4.84,21,33.1,115,4.38,7.31,2017
2311,2012,Lavonte David,Nebraska,OLB,72.63,233,4.57,19,36.5,119,4.22,7.28,2015
2312,2012,Demario Davis,Arkansas State,OLB,74.0,235,4.49,32,38.5,124,4.28,7.19,2022
2313,2012,David DeCastro,Stanford,OG,76.88,316,5.32,34,29.5,98,4.56,7.3,2015
2319,2012,Nick Foles,Arizona,QB,77.0,243,5.03,21,30.5,112,4.68,7.14,2013
2320,2012,Stephon Gilmore,South Carolina,CB,72.5,190,4.38,15,36.0,123,3.94,6.61,2016
2325,2012,Casey Hayward,Vanderbilt,CB,71.38,192,4.47,19,34.0,119,3.9,6.76,2016
2327,2012,Akiem Hicks,Regina (Canada),DT,76.63,318,5.21,26,31.5,108,4.86,7.75,2018
2328,2012,Dont'a Hightower,Alabama,ILB,74.25,265,4.62,21,32.0,117,4.64,7.55,2016
2330,2012,T.Y. Hilton,Florida International,WR,69.5,183,4.37,7,35.5,119,4.36,7.03,2014
2334,2012,Melvin Ingram,South Carolina,OLB,73.5,264,4.69,28,34.5,109,4.18,6.83,2017
2337,2012,Alshon Jeffery,South Carolina,WR,74.88,216,4.48,21,36.5,122,4.17,6.71,2013
2338,2012,Ben Jones,Georgia,C,74.63,303,5.35,29,30.5,105,4.74,7.95,2022
2339,2012,Chandler Jones,Syracuse,DE,77.38,266,4.77,22,35.0,120,4.38,7.07,2015
2343,2012,Matt Kalil,Southern California,OT,78.63,306,4.96,30,27.0,115,4.65,7.33,2012
2344,2012,Luke Kuechly,Boston College,ILB,75.25,242,4.58,27,38.0,123,4.12,6.92,2013
2351,2012,Andrew Luck,Stanford,QB,76.0,234,4.59,21,36.0,124,4.28,6.8,2012
2355,2012,Doug Martin,Boise State,RB,69.25,223,4.46,28,36.0,120,4.16,6.79,2012
2357,2012,Lamar Miller,Miami (FL),RB,70.75,212,4.34,21,33.0,120,4.08,6.94,2018
2358,2012,Alfred Morris,Florida Atlantic,RB,69.88,219,4.63,16,35.5,117,4.19,7.01,2013
2360,2012,Kelechi Osemele,Iowa State,OT,77.5,333,5.22,32,26.5,104,4.87,7.91,2016
2362,2012,Dontari Poe,Memphis,DT,75.5,346,4.89,44,29.5,105,4.56,7.9,2013
2364,2012,Ryan Tannehill,Texas A&M,QB,75.88,221,4.65,21,33.1,115,4.38,7.31,2019
2365,2012,Olivier Vernon,Miami (FL),DE,74.13,261,4.73,31,34.5,122,4.5,7.39,2018
2366,2012,Bobby Wagner,Utah State,OLB,72.38,241,4.46,24,39.5,132,4.28,7.1,2014
2374,2012,Blair Walsh,Georgia,K,69.25,187,4.96,21,33.1,115,4.38,7.31,2012
2375,2012,Russell Wilson,Wisconsin,QB,70.63,204,4.53,21,34.0,118,4.09,6.97,2012
2384,2012,Greg Zuerlein,Missouri Western,K,72.0,187,4.86,21,33.1,115,4.38,7.31,2017
2385,2013,Keenan Allen,California,WR,74.0,206,4.78,20,32.6,115,4.43,7.31,2017
2390,2013,C.J. Anderson,California,RB,68.13,224,4.6,17,32.0,119,4.12,7.15,2014
2391,2013,Terron Armstead,Arkansas-Pine Bluff,OT,76.75,306,4.71,31,34.5,112,4.72,7.62,2018
2395,2013,David Bakhtiari,Colorado,OT,76.25,299,5.18,28,25.5,101,4.74,7.7,2016
2398,2013,Le'Veon Bell,Michigan State,RB,73.38,230,4.6,24,31.5,118,4.24,6.75,2014
2401,2013,Jamie Collins,Southern Mississippi,OLB,75.5,250,4.64,19,41.5,139,4.32,7.1,2015
2402,2013,Tyler Eifert,Notre Dame,TE,77.5,250,4.68,22,35.5,119,4.32,6.92,2015
2403,2013,Zach Ertz,Stanford,TE,77.0,249,4.76,24,30.5,111,4.47,7.08,2017
2406,2013,Eric Fisher,Central Michigan,OT,79.25,306,5.05,27,28.5,116,4.44,7.59,2018
2408,2013,Travis Frederick,Wisconsin,C,75.63,312,5.58,21,28.5,97,4.76,7.81,2014
2413,2013,DeAndre Hopkins,Clemson,WR,73.0,214,4.57,15,36.0,115,4.5,6.83,2015
2418,2013,Micah Hyde,Iowa,CB,71.75,197,4.56,12,33.0,121,4.2,6.78,2017
2419,2013,Ryan Jensen,Colorado State-Pueblo,OG,75.5,317,5.23,30,25.5,98,4.56,7.69,2021
2420,2013,Lane Johnson,Oklahoma,OT,78.0,303,4.72,28,34.0,118,4.52,7.31,2017
2424,2013,Kyle Juszczyk,Harvard,FB,73.25,248,4.71,24,37.0,121,4.19,6.93,2016
2431,2013,Travis Kelce,Cincinnati,TE,76.88,257,4.63,20,35.0,124,4.42,7.09,2015
2439,2013,Eddie Lacy,Alabama,RB,71.0,220,4.55,20,33.5,115,4.43,7.33,2013
2440,2013,Kyle Long,Oregon,OT,78.13,313,4.94,20,28.0,107,4.63,7.83,2013
2443,2013,Eric Martin,Nebraska,OLB,72.75,237,4.53,20,30.5,120,3.97,6.69,1988
2444,2013,Tyrann Mathieu,Louisiana State,CB,68.75,186,4.5,4,34.0,117,4.14,6.87,2015
2447,2013,Latavius Murray,Central Florida,RB,74.63,223,4.38,22,36.0,124,4.36,6.81,2015
2448,2013,Cordarrelle Patterson,Tennessee,WR,73.88,216,4.42,20,37.0,128,4.4,7.28,2013
2452,2013,Jordan Poyer,Oregon State,CB,71.88,191,4.54,8,30.5,118,4.18,6.87,2022
2453,2013,Jordan Reed,Florida,TE,74.5,236,4.72,16,32.6,115,4.43,7.31,2016
2454,2013,Eric Reid,Louisiana State,FS,73.25,213,4.53,17,40.5,134,4.22,6.99,2013
2455,2013,Xavier Rhodes,Florida State,CB,73.5,210,4.43,14,40.5,132,4.65,7.29,2016
2458,2013,Sheldon Richardson,Missouri,DT,74.5,294,5.02,30,32.0,116,4.59,7.33,2014
2459,2013,Kawann Short,Purdue,DT,74.88,299,5.08,29,27.0,100,4.65,7.55,2015
2461,2013,Darius Slay,Mississippi State,CB,71.88,192,4.36,14,35.5,124,4.21,6.9,2017
2466,2013,Geno Smith,West Virginia,QB,74.38,218,4.58,20,33.5,124,4.43,7.31,2022
2467,2013,Desmond Trufant,Washington,CB,71.63,190,4.38,16,37.5,125,3.85,6.67,2015
2468,2013,Larry Warford,Kentucky,OG,75.0,332,5.58,28,22.5,96,5.1,7.78,2017
2471,2014,Davante Adams,Frenso State (CA),WR,72.88,212,4.56,14,39.5,123,4.3,6.82,2017
2477,2014,Anthony Barr,UCLA,OLB,76.88,255,4.66,15,34.5,117,4.19,6.82,2015
2481,2014,Joel Bitonio,Nevada,OT,76.25,302,4.97,22,32.0,113,4.44,7.37,2018
2486,2014,Chris Boswell,Rice (TX),K,74.25,185,4.77,20,32.7,114,4.41,7.31,2017
2487,2014,Teddy Bridgewater,Louisville,QB,74.13,214,4.79,20,30.0,112,4.2,7.17,2015
2488,2014,Derek Carr,Frenso State (CA),QB,74.38,214,4.69,20,34.5,110,4.2,7.31,2015
2492,2014,Jadeveon Clowney,South Carolina,DE,77.25,266,4.53,21,37.5,123,4.43,7.27,2016
2495,2014,Aaron Donald,Pittsburgh,DT,72.75,285,4.68,35,32.0,115,4.39,7.11,2014
2504,2014,Eric Ebron,North Carolina,TE,76.38,250,4.6,24,32.0,120,4.45,7.49,2018
2505,2014,Dee Ford,Auburn,DE,74.13,252,4.59,29,35.5,124,4.73,7.07,2018
2506,2014,Devonta Freeman,Florida State,RB,68.25,206,4.58,14,31.5,116,4.26,7.11,2015
2508,2014,Kyle Fuller,Virginia Tech,CB,71.75,190,4.49,12,38.5,127,4.19,6.9,2018
2512,2014,Jarvis Landry,Louisiana State,WR,71.5,205,4.65,12,28.5,110,4.59,7.56,2015
2517,2014,Taylor Lewan,Michigan,OT,79.13,309,4.87,29,30.5,116,4.49,7.39,2016
2520,2014,Corey Linsley,Ohio State,C,74.63,296,5.24,36,27.0,107,4.53,7.46,2021
2521,2014,Khalil Mack,Buffalo,OLB,74.63,251,4.65,23,40.0,127,4.18,7.08,2015
2528,2014,Zack Martin,Notre Dame,OT,76.25,308,5.22,29,28.0,104,4.59,7.65,2014
2536,2014,Jake Matthews,Texas A&M,OT,77.5,308,5.07,24,30.5,104,4.47,7.34,2018
2537,2014,Allen Robinson,Penn State,WR,74.63,220,4.6,20,39.0,126,4.0,7.0,2015
2538,2014,Ryan Shazier,Ohio State,OLB,73.13,237,4.58,25,42.0,128,4.21,6.91,2016
2540,2014,Telvin Smith,Florida State,OLB,75.0,218,4.52,16,31.5,117,4.57,7.04,2017
2541,2014,Will Smith,Texas Tech,OLB,74.13,231,4.59,17,37.5,113,4.53,7.04,2006
2542,2014,Trai Turner,Louisiana State,OG,74.63,310,4.93,25,27.5,102,4.77,8.16,2015
2547,2014,Jason Verrett,Texas Christian,CB,69.5,189,4.38,19,39.0,127,4.0,6.69,2015
2548,2015,Jay Ajayi,Boise State,RB,71.75,221,4.57,19,39.0,121,4.1,7.1,2016
2549,2015,D.J. Alexander,Oregon State,OLB,73.63,233,4.56,17,34.5,123,4.24,6.97,2016
2550,2015,Kwon Alexander,Louisiana State,OLB,72.75,227,4.55,24,36.0,121,4.2,7.14,2017
2551,2015,Vic Beasley,Clemson,OLB,75.0,246,4.53,35,41.0,130,4.15,6.91,2016
2552,2015,Trent Brown,Florida,OT,80.5,355,5.29,20,23.5,97,4.78,8.23,2019
2553,2015,Frank Clark,Michigan,DE,74.88,271,4.79,19,38.5,118,4.05,7.08,2019
2556,2015,Landon Collins,Alabama,SS,72.0,228,4.53,20,35.0,120,4.33,7.38,2016
2559,2015,Amari Cooper,Alabama,WR,72.88,211,4.42,20,33.0,120,3.98,6.71,2015
2563,2015,Quandre Diggs,Texas,CB,69.13,196,4.56,17,35.5,113,4.15,7.22,2020
2566,2015,Stefon Diggs,Maryland,WR,72.0,195,4.46,11,35.0,115,4.32,7.03,2020
2569,2015,Melvin Gordon,Wisconsin,RB,72.63,215,4.52,19,35.0,126,4.07,7.04,2016
2571,2015,Todd Gurley,Georgia,RB,72.63,222,4.52,17,32.6,114,4.44,7.31,2015
2574,2015,D.J. Humphries,Florida,OT,77.0,307,5.12,26,31.0,104,4.64,7.87,2021
2575,2015,Danielle Hunter,Louisiana State,DE,77.13,252,4.57,25,36.5,130,4.35,6.95,2018
2578,2015,Grady Jarrett,Clemson,DT,72.75,304,5.06,30,31.0,112,4.56,7.37,2019
2580,2015,Byron Jones,Connecticut,CB,72.63,199,4.49,18,44.5,147,3.94,6.78,2018
2581,2015,Eric Kendricks,UCLA,ILB,72.25,232,4.61,19,38.0,124,4.14,7.14,2019
2582,2015,Tyler Lockett,Kansas State,WR,69.88,182,4.4,20,35.5,121,4.07,6.89,2015
2583,2015,Ali Marpet,Hobart & William Smith (NY),OG,75.88,307,4.98,30,30.5,108,4.47,7.33,2021
2584,2015,Benardrick McKinney,Mississippi State,ILB,76.13,246,4.66,16,40.5,121,4.27,7.21,2018
2585,2015,Mitch Morse,Missouri,OG,77.38,305,5.14,36,31.0,112,4.5,7.6,2022
2586,2015,Andrus Peat,Stanford,OT,78.88,313,5.18,20,31.0,105,4.62,8.01,2018
2589,2015,Denzel Perryman,Miami (FL),ILB,70.75,236,4.78,27,32.0,113,4.44,7.31,2021
2590,2015,Marcus Peters,Washington,CB,71.63,197,4.53,17,37.5,121,4.08,7.08,2015
2593,2015,Brandon Scherff,Iowa,OT,76.63,319,5.05,23,32.5,107,4.57,7.18,2016
2598,2015,Za'Darius Smith,Kentucky,DE,76.5,274,4.83,23,29.0,113,4.66,7.42,2019
2601,2015,Laken Tomlinson,Duke,OG,75.38,323,5.33,25,31.5,103,4.87,8.17,2021
2602,2015,Darren Waller,Georgia Tech,WR,78.13,238,4.46,12,37.0,125,4.25,7.07,2020
2603,2015,Leonard Williams,Southern California,DT,76.63,302,4.97,20,29.5,106,4.53,7.59,2016
2604,2015,Jameis Winston,Florida State,QB,75.75,231,4.97,20,28.5,103,4.36,7.16,2015
2605,2016,Joey Bosa,Ohio State,DE,77.25,269,4.86,24,32.0,120,4.21,6.89,2017
2609,2016,James Bradberry,Samford (AL),CB,72.75,211,4.5,16,36.0,124,4.21,6.91,2020
2610,2016,DeForest Buckner,Oregon,DE,79.0,291,5.05,21,32.0,116,4.47,7.51,2018
2612,2016,Kevin Byard,Middle Tennessee State,SS,71.25,212,4.46,22,38.0,108,4.15,6.73,2017
2614,2016,Kenny Clark,UCLA,DT,74.63,314,5.06,29,28.5,102,4.62,7.31,2019
2616,2016,Pharoh Cooper,South Carolina,WR,71.13,203,4.65,15,31.0,115,4.26,7.15,2017
2617,2016,Ezekiel Elliott,Ohio State,RB,71.75,225,4.47,19,32.5,118,4.42,7.31,2016
2620,2016,Jared Goff,California,QB,76.0,215,4.82,19,27.0,110,4.47,7.17,2017
2623,2016,Jakeem Grant,Texas Tech,WR,65.88,165,4.37,15,36.5,117,4.03,7.03,2021
2624,2016,Javon Hargrave,South Carolina State,DT,73.38,309,4.93,29,34.5,109,4.7,7.9,2021
2625,2016,Derrick Henry,Alabama,RB,74.63,247,4.54,22,37.0,130,4.38,7.2,2019
2628,2016,Tyreek Hill,West Alabama,WR,68.13,185,4.29,13,40.5,129,4.06,6.53,2016
2635,2016,Austin Hooper,Stanford,TE,75.75,254,4.72,19,33.0,117,4.32,7.0,2018
2637,2016,Jordan Howard,Indiana,RB,71.88,230,4.59,16,34.0,122,4.34,7.14,2016
2638,2016,Xavien Howard,Baylor,CB,72.13,201,4.58,11,33.0,122,4.15,7.18,2018
2642,2016,Deion Jones,Louisiana State,OLB,72.88,222,4.59,16,33.0,120,4.26,7.13,2017
2643,2016,Matt Judon,Grand Valley State (MI),DE,75.0,275,4.73,30,35.0,109,4.52,7.67,2019
2647,2016,Ryan Kelly,Alabama,C,76.0,311,5.03,26,30.0,103,4.59,7.58,2019
2650,2016,Cory Littleton,Washington,OLB,75.13,238,4.73,17,29.5,114,4.32,7.11,2018
2651,2016,Keanu Neal,Florida,FS,72.5,211,4.62,17,38.0,132,4.38,7.09,2017
2652,2016,Yannick Ngakoue,Maryland,DE,74.0,252,4.75,26,34.5,118,4.5,7.35,2017
2653,2016,Dak Prescott,Mississippi State,QB,74.25,226,4.79,19,32.5,116,4.32,7.11,2016
2656,2016,Jalen Ramsey,Florida State,FS,73.25,209,4.41,14,41.5,135,4.18,6.94,2017
2662,2016,Joe Schobert,Wisconsin,OLB,73.38,244,4.76,22,33.5,111,4.3,7.11,2017
2663,2016,Justin Simmons,Boston College,FS,74.38,202,4.61,16,40.0,126,3.85,6.58,2020
2664,2016,Jaylon Smith,Notre Dame,OLB,74.0,223,4.77,19,32.5,115,4.42,7.31,2019
2665,2016,Ronnie Stanley,Notre Dame,OT,77.75,312,5.2,24,28.5,115,4.9,8.03,2019
2666,2016,Michael Thomas,Ohio State,WR,74.75,212,4.57,18,35.0,126,4.13,6.8,2017
2670,2016,Joe Thuney,North Carolina State,OG,76.63,304,4.95,28,28.5,110,4.54,7.47,2022
2671,2016,Laremy Tunsil,Mississippi,OT,77.0,310,4.77,34,28.5,111,4.42,7.31,2019
2674,2016,Carson Wentz,North Dakota State,QB,77.25,237,4.77,19,30.5,118,4.15,6.86,2017
2675,2016,Cody Whitehair,Kansas State,OG,75.75,301,5.02,16,25.5,110,4.58,7.32,2018
2676,2017,Jamal Adams,Louisiana State,SS,71.63,214,4.56,18,31.5,120,4.13,6.96,2018
2679,2017,Jamal Agnew,San Diego,CB,69.5,186,4.34,16,36.0,125,4.27,6.92,2022
2680,2017,Tarik Cohen,North Carolina A&T,RB,66.38,179,4.42,11,31.5,118,4.27,7.22,2018
2681,2017,James Conner,Pittsburgh,RB,73.25,233,4.65,20,29.0,113,4.4,7.14,2018
2683,2017,Dalvin Cook,Florida State,RB,71.13,210,4.49,22,30.5,116,4.53,7.27,2019
2687,2017,Dion Dawkins,Temple,OG,75.88,314,5.11,26,26.0,106,4.78,7.3,2021
2689,2017,Jake Elliott,Memphis,K,69.25,167,4.79,20,31.9,115,4.46,7.31,2021
2690,2017,Evan Engram,Mississippi,TE,75.13,234,4.42,19,36.0,125,4.23,6.92,2020
2691,2017,Myles Garrett,Texas A&M,DE,76.25,272,4.64,33,41.0,128,4.2,7.31,2018
2695,2017,Chris Godwin,Penn State,WR,73.0,209,4.42,19,36.0,125,4.0,7.01,2019
2696,2017,Kenny Golladay,Northern Illinois,WR,75.75,218,4.5,18,35.5,120,4.15,7.0,2019
2697,2017,Shaquill Griffin,Central Florida,DB,71.75,194,4.38,17,38.5,132,4.14,6.87,2019
2698,2017,Justin Hardee,Illinois,WR,72.63,197,4.36,17,34.5,129,4.26,7.28,2022
2699,2017,Trey Hendrickson,Florida Atlantic,DE,75.88,266,4.65,18,33.5,122,4.4,7.03,2021
2701,2017,Marlon Humphrey,Alabama,CB,72.25,197,4.41,10,31.9,125,4.28,6.75,2019
2704,2017,Kareem Hunt,Toledo,RB,70.5,216,4.62,18,36.5,119,4.53,7.22,2017
2705,2017,Eddie Jackson,Alabama,FS,72.0,201,4.78,10,31.9,115,4.2,7.31,2018
2707,2017,Aaron Jones,Texas-El Paso,RB,69.13,208,4.56,16,37.5,127,4.2,6.82,2020
2708,2017,Alvin Kamara,Tennessee,RB,69.75,214,4.56,15,39.5,131,4.56,7.1,2017
2713,2017,George Kittle,Iowa,TE,75.75,247,4.52,18,35.0,132,4.59,7.0,2018
2717,2017,Cooper Kupp,Eastern Washington,WR,73.75,204,4.62,20,31.0,116,4.08,6.75,2021
2718,2017,Marshon Lattimore,Ohio State,CB,72.0,193,4.36,20,38.5,132,4.12,7.31,2017
2722,2017,Patrick Mahomes,Texas Tech,QB,74.13,225,4.8,20,30.0,114,4.08,6.88,2018
2727,2017,Christian McCaffrey,Stanford,RB,71.25,202,4.48,10,37.5,121,4.22,6.57,2019
2729,2017,Matt Milano,Boston College,OLB,72.25,223,4.67,24,35.0,126,4.38,7.31,2022
2730,2017,Joe Mixon,Oklahoma,RB,72.75,226,4.45,21,35.0,118,4.27,7.1,2021
2731,2017,Haason Reddick,Temple,DE,73.25,237,4.52,24,36.5,133,5.0,7.01,2022
2732,2017,JuJu Smith-Schuster,Southern California,WR,73.25,215,4.54,15,32.5,120,5.01,6.93,2018
2733,2017,Mitchell Trubisky,North Carolina,QB,74.13,222,4.67,20,27.5,116,4.25,6.87,2018
2734,2017,Deshaun Watson,Clemson,QB,74.13,221,4.66,20,32.5,119,4.31,6.95,2018
2737,2017,T.J. Watt,Wisconsin,LB,76.25,252,4.69,21,37.0,128,4.78,6.79,2018
2742,2018,Jaire Alexander,Louisville,CB,70.25,192,4.38,14,35.0,127,3.98,6.71,2020
2744,2018,Josh Allen,Wyoming,QB,76.88,237,4.75,20,33.5,119,4.4,6.9,2019
2752,2018,Marcus Allen,Penn State,FS,74.13,202,4.63,15,37.0,127,4.32,7.13,1987
2754,2018,Mark Andrews,Oklahoma,TE,77.13,256,4.67,17,31.0,113,4.38,7.34,2019
2757,2018,Saquon Barkley,Penn State,RB,72.0,233,4.4,29,41.0,115,4.24,7.31,2018
2759,2018,Bradley Chubb,North Carolina State,DE,76.38,269,4.65,24,36.0,121,4.41,7.37,2020
2761,2018,Nick Chubb,Georgia,RB,70.88,227,4.52,29,38.5,128,4.25,7.09,2019
2765,2018,Michael Dickson,Texas,P,74.38,208,4.79,20,32.3,115,4.46,7.31,2018
2766,2018,Tremaine Edmunds,Virginia Tech,OLB,76.5,253,4.54,19,32.3,117,4.46,7.31,2019
2768,2018,Minkah Fitzpatrick,Alabama,CB,72.13,204,4.46,14,33.0,121,4.13,6.73,2019
2771,2018,J.T. Gray,Mississippi State,SS,71.25,195,4.5,19,33.5,123,4.19,7.03,2021
2772,2018,J.C. Jackson,Maryland,CB,69.75,193,4.46,14,35.5,120,4.28,6.92,2021
2773,2018,Lamar Jackson,Louisville,QB,74.25,216,4.79,20,32.3,115,4.46,7.31,2019
2777,2018,Derwin James,Florida State,SS,73.75,215,4.47,21,40.0,132,4.34,7.34,2018
2780,2018,Harold Landry,Boston College,OLB,74.38,252,4.64,24,36.0,119,4.19,6.88,2021
2781,2018,Phillip Lindsay,Colorado,RB,67.25,184,4.39,14,35.5,124,4.31,7.12,2018
2782,2018,Quenton Nelson,Notre Dame,OG,77.0,325,4.79,35,26.5,105,4.62,7.65,2018
2787,2018,Frank Ragnow,Arkansas,C,77.13,312,4.99,26,33.5,115,4.51,8.04,2020
2789,2018,Roquan Smith,Georgia,ILB,72.88,236,4.51,20,33.5,117,4.46,7.31,2022
2790,2018,Courtland Sutton,Southern Methodist (TX),WR,75.38,218,4.54,18,35.5,124,4.11,6.57,2019
2791,2018,Josh Sweat,Florida State,OLB,76.75,251,4.53,16,39.5,124,4.28,6.95,2021
2792,2018,Wyatt Teller,Virginia Tech,OG,76.5,314,5.24,30,29.0,114,4.84,7.45,2021
2794,2018,Leighton Vander Esch,Boise State,OLB,76.25,256,4.65,20,39.5,124,4.15,6.88,2018
2795,2018,Vita Vea,Washington,DT,76.0,347,5.1,41,32.3,115,4.46,7.31,2021
2796,2018,Denzel Ward,Ohio State,CB,70.88,183,4.32,16,39.0,136,4.46,7.31,2018
2798,2018,Fred Warner,Brigham Young,OLB,75.38,236,4.64,21,38.5,119,4.28,6.9,2020
2800,2019,Jake Bailey,Stanford,P,73.38,200,4.72,19,33.0,117,4.46,7.31,2020
2801,2019,Nick Bosa,Ohio State,DE,75.75,266,4.79,29,33.5,116,4.14,7.1,2019
2804,2019,A.J. Brown,Mississippi,WR,72.5,226,4.49,19,36.5,120,4.25,7.0,2020
2806,2019,Brian Burns,Florida State,EDG,77.13,249,4.53,19,36.0,129,4.46,7.01,2021
2808,2019,Maxx Crosby,Eastern Michigan,EDG,76.88,255,4.66,18,36.0,122,4.13,6.89,2021
2810,2019,Jack Fox,Rice (TX),P,74.5,213,4.73,19,27.5,114,4.46,7.31,2020
2811,2019,Matt Gay,Utah,K,72.0,232,4.79,19,32.6,115,4.46,7.31,2021
2812,2019,Mecole Hardman,Georgia,WR,70.25,187,4.33,17,36.5,119,4.25,6.75,2019
2813,2019,Tim Harris,Virginia,CB,73.75,197,4.49,9,39.0,139,4.36,6.9,1989
2814,2019,T.J. Hockenson,Iowa,TE,76.63,251,4.7,17,37.5,123,4.18,7.02,2020
2816,2019,Josh Jacobs,Alabama,RB,70.0,220,4.64,18,35.0,112,4.46,7.31,2020
2818,2019,Elgton Jenkins,Mississippi State,OL,76.5,310,5.1,29,28.0,109,4.62,7.77,2020
2820,2019,Diontae Johnson,Toledo,WR,70.5,183,4.53,15,33.5,123,4.45,7.09,2021
2821,2019,Dawson Knox,Mississippi,TE,76.38,254,4.59,16,34.5,122,4.27,7.12,2022
2822,2019,Dexter Lawrence,Clemson,DT,76.5,342,5.05,36,32.6,115,4.46,7.31,2022
2823,2019,Chris Lindstrom,Boston College,OG,75.75,308,4.91,25,30.5,117,4.54,7.61,2022
2824,2019,Terry McLaurin,Ohio State,WR,72.13,208,4.35,18,37.5,125,4.15,7.01,2022
2825,2019,D.K. Metcalf,Mississippi,WR,75.38,228,4.33,27,40.5,134,4.5,7.38,2020
2826,2019,Stanley Morgan,Nebraska,WR,72.0,202,4.53,14,38.5,125,4.13,6.78,1987
2827,2019,Kyler Murray,Oklahoma,QB,70.13,207,4.79,19,32.6,115,4.46,7.31,2020
2829,2019,Tony Pollard,Memphis,RB,71.63,210,4.52,13,35.0,121,4.37,7.0,2022
2830,2019,Hunter Renfrow,Clemson,WR,70.5,180,4.59,7,35.0,116,4.19,6.8,2021
2831,2019,Deebo Samuel,South Carolina,WR,71.25,214,4.48,15,39.0,122,4.14,7.03,2021
2832,2019,Miles Sanders,Penn State,RB,70.63,211,4.49,20,36.0,124,4.19,6.89,2022
2833,2019,Jeffery Simmons,Mississippi State,DT,74.75,300,4.79,28,32.6,115,4.46,7.31,2021
2835,2019,Devin White,Louisiana State,ILB,72.13,237,4.42,22,39.5,118,4.17,7.07,2021
2836,2019,Quinnen Williams,Alabama,DT,75.0,303,4.83,19,30.5,112,4.46,7.31,2022
2837,2020,Tyler Biadasz,Wisconsin,C,75.63,314,4.74,20,33.5,116,4.46,7.31,2022
2838,2020,Joe Burrow,Louisiana State,QB,75.63,221,4.74,20,33.5,116,4.46,7.31,2022
2839,2020,Trevon Diggs,Alabama,CB,73.38,205,4.74,20,33.5,116,4.46,7.31,2021
2841,2020,Devin Duvernay,Texas,WR,70.5,200,4.39,20,35.5,123,4.2,7.13,2021
2843,2020,Justin Herbert,Oregon,QB,78.25,236,4.68,20,35.5,123,4.46,7.06,2021
2844,2020,Jalen Hurts,Oklahoma,QB,73.0,222,4.59,20,35.0,125,4.46,7.31,2022
2845,2020,Jonah Jackson,Ohio State,OG,75.5,306,5.23,28,26.0,98,5.02,7.83,2021
2846,2020,Justin Jefferson,Louisiana State,WR,73.25,202,4.43,20,37.5,126,4.46,7.31,2020
2849,2020,Jonathan Taylor,Wisconsin,RB,70.25,226,4.39,17,36.0,123,4.24,7.01,2021
2850,2020,Tommy Townsend,Florida,P,74.0,176,4.75,20,33.5,116,4.46,7.31,2022
2851,2020,Tristan Wirfs,Iowa,OT,76.88,320,4.85,24,36.5,121,4.68,7.65,2021
2853,2020,Chase Young,Ohio State,DE,76.88,264,4.74,20,33.5,116,4.46,7.31,2020
2858,2021,Landon Dickerson,Alabama,C,77.63,333,4.77,20,33.3,106,4.45,7.31,2022
2859,2021,Najee Harris,Alabama,RB,73.38,232,4.77,20,33.3,117,4.45,7.31,2021
2860,2021,Talanoa Hufanga,Southern California,SS,72.38,199,4.64,12,35.5,128,4.39,6.96,2022
2861,2021,Creed Humphrey,Oklahoma,C,76.25,302,5.11,29,33.0,112,4.49,7.5,2022
2862,2021,Trevor Lawrence,Clemson,QB,77.63,213,4.77,20,38.5,119,4.45,7.31,2022
2863,2021,Micah Parsons,Penn State,OLB,75.13,246,4.36,19,34.0,126,4.4,6.96,2021
2865,2021,Kyle Pitts,Florida,TE,77.63,245,4.44,22,33.5,129,4.35,7.12,2021
2866,2021,Penei Sewell,Oregon,OT,76.88,331,5.1,30,28.0,109,4.68,7.76,2022
2867,2021,Rashawn Slater,Northwestern,OG,76.25,304,4.91,33,33.0,112,4.45,7.48,2021
2868,2021,Amon-Ra St. Brown,Southern California,WR,71.5,197,4.61,20,38.5,127,4.26,6.9,2022
2869,2021,Patrick Surtain,Alabama,CB,74.0,208,4.42,18,39.0,131,4.45,7.31,2002
2872,2022,Tariq Woolen,Texas-San Antonio,CB,76.13,205,4.26,21,42.0,118,4.51,7.31,2022