Name,Age,Year
Fredd Young,26,1987
Jim Arnold,26,1987
Joey Browner,27,1987
Reggie White,26,1987
Morten Andersen,27,1987
Mike Munchak,27,1987
Hanford Dixon,29,1987
Jerry Rice,25,1987
Eric Dickerson,27,1987
Mark Bavaro,24,1987
Bill Fralic,25,1987
Mike Singletary,29,1987
Charles White,29,1987
Ronnie Lott,28,1987
Bruce Smith,24,1987
Gary Zimmerman,26,1987
Steve McMichael,30,1987
Carl Banks,25,1987
Michael Carter,27,1987
Frank Minnifield,27,1987
Joe Montana,31,1987
Andre Tippett,28,1987
Anthony Munoz,29,1987
Dwight Stephenson,30,1987
John Elway,27,1987
Steve Largent,33,1987
Chris Doleman,26,1987
Keith Bostic,26,1987
Karl Mecklenburg,27,1987
Bill Maas,25,1987
Jackie Slater,33,1987
Ron Solt,25,1987
Curt Warner,26,1987
Jay Hilgenberg,28,1987
Lawrence Taylor,28,1987
Chris Hinton,26,1987
Ron Wolfley,25,1987
Dean Biasucci,25,1987
Duane Bickett,25,1987
Gary Clark,25,1987
Mike Quick,28,1987
Darrell Green,27,1987
Al Toon,24,1987
Mike Webster,35,1987
Jacob Green,30,1987
Vai Sikahema,25,1987
Herschel Walker,25,1987
Kenny Easley,28,1987
Ralf Mojsiejenko,24,1987
Jerry Gray,25,1987
Todd Christensen,31,1987
Wilber Marshall,25,1987
Dave Waymer,29,1987
Kellen Winslow,30,1987
Jim Lachey,24,1987
Rueben Mayes,24,1987
Steve Tasker,25,1987
Ray Donaldson,29,1987
Charles Mann,26,1987
Keith Bishop,30,1987
Dave Duerson,27,1987
Tim Krumrie,27,1987
Anthony Carter,27,1987
Carlos Carson,29,1987
Deron Cherry,28,1987
Albert Lewis,27,1987
Luis Sharpe,27,1987
Roger Craig,27,1987
Dennis Harrah,34,1987
John Offerdahl,23,1987
Bernie Kosar,24,1987
Neil Lomax,28,1987
Steve Jordan,26,1987
Mike Rozier,26,1987
Brad Edelman,27,1987
Cody Risien,30,1987
Clay Matthews,31,1987
Gerald Riggs,27,1987
Kevin Mack,25,1987
Bob Golic,30,1987
Jim Kelly,27,1987
Harry Carson,34,1987
Gerald McNeil,25,1987
Doug Smith,31,1987
Dan Marino,26,1987
Howie Long,27,1987
Marcus Allen,27,1987
Scott Studwell,33,1987
Hoby Brenner,28,1987
Sam Mills,28,1987
Stanley Morgan,32,1987
Joey Browner,28,1988
Reggie White,27,1988
Eric Dickerson,28,1988
Frank Minnifield,28,1988
Anthony Munoz,30,1988
Boomer Esiason,27,1988
Mike Singletary,30,1988
Jay Hilgenberg,29,1988
Roger Craig,28,1988
Bruce Smith,25,1988
Cornelius Bennett,23,1988
Bruce Matthews,27,1988
Keith Jackson,23,1988
Deron Cherry,29,1988
Lawrence Taylor,29,1988
Jerry Rice,26,1988
Carl Lee,27,1988
Tom Newberry,26,1988
Henry Ellard,27,1988
Tim Krumrie,28,1988
Mike Horan,29,1988
Shane Conlan,24,1988
Scott Norwood,28,1988
John Taylor,26,1988
Tim Brown,22,1988
Keith Millard,26,1988
Jim Arnold,27,1988
Gary Zimmerman,27,1988
Al Toon,25,1988
Eddie Brown,26,1988
Mickey Shuler,32,1988
Mike Munchak,28,1988
Bill Fralic,26,1988
Ronnie Lott,29,1988
Michael Carter,28,1988
Jackie Slater,34,1988
Herschel Walker,26,1988
Andre Tippett,29,1988
Ray Childress,26,1988
Randall Cunningham,25,1988
John Offerdahl,24,1988
David Fulcher,24,1988
Luis Sharpe,28,1988
Albert Lewis,28,1988
John Stephens,22,1988
Ray Donaldson,30,1988
Max Montoya,32,1988
Jerry Gray,26,1988
Dave Duerson,28,1988
Kent Hull,27,1988
Scott Case,26,1988
Tunch Ilkin,31,1988
Morten Andersen,28,1988
Charles Haley,24,1988
Mark May,29,1988
Fred Smerlas,31,1988
Chris Hinton,27,1988
Mike Cofer,28,1988
Mark Clayton,27,1988
Lee Williams,26,1988
Rodney Holman,28,1988
Eric Thomas,24,1988
Hanford Dixon,30,1988
Clay Matthews,32,1988
James Brooks,30,1988
Mark Bortz,27,1988
Neal Anderson,24,1988
Dino Hackett,24,1988
Warren Moon,32,1988
Drew Hill,32,1988
Anthony Carter,28,1988
Chris Doleman,27,1988
Steve Jordan,27,1988
Erik McMillan,23,1988
Scott Studwell,34,1988
Sam Mills,29,1988
Eric Martin,27,1988
Johnny Rembert,27,1988
John Settle,23,1988
Andre Reed,24,1988
Jim Kelly,28,1988
Charles Mann,27,1988
Rufus Porter,23,1988
Dave Krieg,30,1988
Doug Smith,32,1988
Matt Millen,30,1988
J.T. Smith,33,1988
Ron Wolfley,26,1988
Mike Rozier,27,1988
Brian Sochia,27,1988
John Grimsley,26,1988
Terry Kinard,29,1988
Wade Wilson,29,1988
Keith Millard,27,1989
Jerry Rice,27,1989
Tim Harris,25,1989
Anthony Munoz,31,1989
Sterling Sharpe,24,1989
Albert Lewis,29,1989
Christian Okoye,28,1989
Joe Montana,33,1989
Chris Doleman,28,1989
Tom Newberry,27,1989
David Fulcher,25,1989
Barry Sanders,21,1989
Mike Singletary,31,1989
Reggie White,28,1989
Karl Mecklenburg,29,1989
Michael Dean Perry,24,1989
Jay Hilgenberg,30,1989
Rod Woodson,24,1989
Lawrence Taylor,30,1989
Bruce Matthews,28,1989
Mike Munchak,29,1989
Ronnie Lott,30,1989
Keith Jackson,24,1989
Eric Allen,24,1989
Rodney Holman,29,1989
Eddie Murray,33,1989
Kevin Greene,27,1989
Vaughan Johnson,27,1989
Lee Williams,27,1989
Kent Hull,28,1989
Thurman Thomas,23,1989
Tim McDonald,24,1989
Jackie Slater,35,1989
Joey Browner,29,1989
Jerry Gray,27,1989
Jerry Ball,25,1989
Rufus Porter,24,1989
Chris Hinton,28,1989
Andre Reed,25,1989
Bruce Smith,26,1989
Gary Zimmerman,28,1989
Neal Anderson,25,1989
Dave Meggett,23,1989
Derrick Thomas,22,1989
Leslie O'Neal,25,1989
Mike Johnson,27,1989
David Treadwell,24,1989
Frank Minnifield,29,1989
Dennis Smith,30,1989
Erik McMillan,24,1989
Boomer Esiason,28,1989
Anthony Miller,24,1989
Webster Slaughter,25,1989
Randall McDaniel,25,1989
Warren Moon,33,1989
Bill Fralic,27,1989
Greg Kragen,27,1989
Ron Wolfley,27,1989
Pat Swilling,25,1989
Dalton Hilliard,25,1989
Steve Jordan,28,1989
Reggie Roby,28,1989
Max Montoya,33,1989
Don Majkowski,25,1989
Rich Camarillo,30,1989
Mark Carrier,24,1989
Brian Blades,24,1989
James Brooks,31,1989
Clay Matthews,33,1989
Charles Mann,28,1989
Ray Donaldson,31,1989
Henry Ellard,28,1989
Howie Long,29,1989
Roger Craig,29,1989
John Taylor,27,1989
Chris Spielman,24,1989
Kevin Ross,27,1989
Ferrell Edmunds,24,1989
John Offerdahl,25,1989
Carl Lee,28,1989
Mark Rypien,27,1989
Guy McIntyre,28,1989
Dave Krieg,31,1989
Doug Smith,33,1989
Tunch Ilkin,32,1989
Randall Cunningham,26,1989
Johnny Rembert,28,1989
Anthony Carter,29,1989
Brent Fullwood,26,1989
John Elway,29,1989
Luis Sharpe,29,1989
Eric Dickerson,29,1989
Shane Conlan,25,1989
Andre Rison,23,1990
John Offerdahl,26,1990
Keith Jackson,25,1990
Derrick Thomas,23,1990
Rod Woodson,25,1990
Nick Lowery,34,1990
Barry Sanders,22,1990
Joey Browner,30,1990
Michael Dean Perry,25,1990
Bruce Matthews,29,1990
Pepper Johnson,26,1990
Sean Landeta,28,1990
Jim Lachey,27,1990
Jerry Rice,28,1990
Kent Hull,29,1990
Thurman Thomas,24,1990
Bruce Smith,27,1990
Reggie White,29,1990
Mel Gray,29,1990
Charles Haley,26,1990
Albert Lewis,30,1990
Anthony Munoz,32,1990
Steve Wisniewski,23,1990
Ronnie Lott,31,1990
Greg Townsend,29,1990
Randall Cunningham,27,1990
Ray Childress,28,1990
Darrell Green,30,1990
Mark Carrier,22,1990
Warren Moon,34,1990
Randall McDaniel,26,1990
Joe Montana,34,1990
Jerome Brown,25,1990
Clarence Verdin,27,1990
Darryl Talley,30,1990
Mark Bortz,29,1990
Reyna Thompson,27,1990
Marion Butts,24,1990
Rohn Stark,31,1990
Andre Reed,26,1990
Rodney Holman,30,1990
Neal Anderson,26,1990
Lawrence Taylor,31,1990
Steve Atwater,24,1990
David Fulcher,26,1990
Mike Singletary,32,1990
Jay Hilgenberg,31,1990
Richard Dent,30,1990
David Little,31,1990
Jerry Ball,26,1990
Lomas Brown,27,1990
Jackie Slater,36,1990
Drew Hill,34,1990
Ernest Givins,26,1990
Bruce Armstrong,25,1990
Guy McIntyre,29,1990
Wayne Haddix,25,1990
Cornelius Bennett,25,1990
Steve Tasker,28,1990
Sterling Sharpe,25,1990
Don Mosebar,29,1990
Kevin Ross,28,1990
Jeff Cross,24,1990
Leslie O'Neal,26,1990
Chris Doleman,29,1990
Mike Munchak,30,1990
Vaughan Johnson,28,1990
Pat Swilling,26,1990
Jim Kelly,30,1990
Shane Conlan,26,1990
Earnest Byner,28,1990
Gary Clark,28,1990
James Brooks,32,1990
Anthony Miller,25,1990
Bart Oates,32,1990
Bo Jackson,28,1990
Richmond Webb,23,1990
Johnny Johnson,22,1990
William Roberts,28,1990
Erik Howard,26,1990
Morten Andersen,30,1990
Carl Lee,29,1990
Steve Jordan,29,1990
Will Wolford,26,1990
Mike Johnson,28,1990
Chris Spielman,25,1990
Emmitt Smith,21,1990
John Williams,26,1990
Ferrell Edmunds,25,1990
Bobby Humphrey,24,1990
Dennis Smith,31,1990
Jim Everett,27,1990
Michael Irvin,25,1991
Marv Cook,25,1991
Jim Kelly,31,1991
Pat Swilling,27,1991
Darrell Green,31,1991
Reggie White,30,1991
Steve Wisniewski,24,1991
Clyde Simmons,27,1991
Thurman Thomas,25,1991
Barry Sanders,23,1991
Jim Lachey,28,1991
Jeff Gossett,34,1991
Ronnie Lott,32,1991
Steve Atwater,25,1991
Jerry Ball,27,1991
Jerome Brown,26,1991
Derrick Thomas,24,1991
Mike Munchak,31,1991
Jeff Jaeger,27,1991
Deion Sanders,24,1991
Sam Mills,32,1991
Mel Gray,30,1991
Haywood Jeffires,27,1991
Al Smith,27,1991
Cris Dishman,26,1991
Bruce Matthews,30,1991
Randall McDaniel,27,1991
Seth Joyner,27,1991
Jerry Rice,29,1991
Mike Singletary,33,1991
Chip Lohmiller,25,1991
Ray Childress,29,1991
Cornelius Bennett,26,1991
Mark Carrier,23,1991
Michael Dean Perry,26,1991
Steve Tasker,29,1991
Jay Novacek,29,1991
Mark Rypien,29,1991
Emmitt Smith,22,1991
Greg Townsend,30,1991
Anthony Munoz,33,1991
Lomas Brown,28,1991
Bennie Blades,25,1991
Andre Rison,24,1991
Don Mosebar,30,1991
Guy McIntyre,30,1991
William Fuller,29,1991
Bruce Armstrong,26,1991
Rich Camarillo,32,1991
Andre Reed,27,1991
Junior Seau,22,1991
Chris Spielman,26,1991
Jay Hilgenberg,32,1991
Tim McDonald,26,1991
Christian Okoye,30,1991
Gary Clark,29,1991
Gill Byrd,30,1991
Bennie Thompson,28,1991
Vaughan Johnson,29,1991
Tim Brown,25,1991
Karl Mecklenburg,31,1991
Gaston Green,25,1991
Jim Ritcher,33,1991
Eric Allen,26,1991
Earnest Byner,29,1991
Charles Mann,30,1991
Rod Woodson,26,1991
Cortez Kennedy,23,1991
Marion Butts,25,1991
Mark Schlereth,25,1991
Charles Haley,27,1991
John Williams,27,1991
Chris Hinton,30,1991
Mark Clayton,30,1991
Chris Miller,26,1991
James Lofton,35,1991
Darryl Talley,31,1991
Neal Anderson,27,1991
Shaun Gayle,29,1991
Troy Aikman,25,1991
John Elway,31,1991
Dennis Smith,32,1991
Neil Smith,25,1991
Ethan Horton,29,1991
Dan Marino,30,1991
Richmond Webb,24,1991
Steve Jordan,30,1991
Henry Thomas,26,1991
Bart Oates,33,1991
Ken O'Brien,31,1991
Warren Moon,35,1991
Greg Lloyd,26,1991
Steve Young,31,1992
Jerry Rice,30,1992
Cortez Kennedy,24,1992
Junior Seau,23,1992
Rod Woodson,27,1992
Barry Foster,24,1992
Bruce Matthews,31,1992
Chris Doleman,31,1992
Sterling Sharpe,27,1992
Emmitt Smith,23,1992
Deion Sanders,25,1992
Randall McDaniel,28,1992
Steve Atwater,26,1992
Wilber Marshall,30,1992
Henry Jones,25,1992
Steve Wisniewski,25,1992
Ray Childress,30,1992
Sam Mills,33,1992
Morten Andersen,32,1992
Reggie White,31,1992
Rich Camarillo,33,1992
Derrick Thomas,25,1992
Audray McMillian,30,1992
Jay Novacek,30,1992
Richmond Webb,25,1992
Rohn Stark,33,1992
Bruce Smith,29,1992
Rickey Jackson,34,1992
Steve Wallace,28,1992
Tim McDonald,27,1992
Mark Stepnoski,25,1992
Keith Jackson,27,1992
Mel Gray,31,1992
Pat Swilling,28,1992
Al Smith,28,1992
Steve Tasker,30,1992
Gary Zimmerman,31,1992
Barry Sanders,24,1992
Thurman Thomas,26,1992
Pierce Holt,30,1992
Dan Marino,31,1992
Mike Munchak,32,1992
Gill Byrd,31,1992
Leslie O'Neal,28,1992
Guy McIntyre,31,1992
Haywood Jeffires,28,1992
Clyde Simmons,28,1992
Bryan Cox,24,1992
Clarence Verdin,29,1992
Anthony Miller,27,1992
Lomas Brown,29,1992
Cornelius Bennett,27,1992
Howard Ballard,29,1992
Brent Jones,29,1992
Vaughan Johnson,30,1992
Elbert Shelley,28,1992
Johnny Bailey,25,1992
Eric Allen,27,1992
Nate Newton,31,1992
Carlton Haselrig,26,1992
Chuck Cecil,28,1992
Henry Thomas,27,1992
Todd Scott,24,1992
Andre Rison,25,1992
Michael Irvin,26,1992
Terry McDaniel,27,1992
Will Wolford,28,1992
Neil Smith,26,1992
Jim Kelly,32,1992
Ronnie Harmon,28,1992
Warren Moon,36,1992
Mike Singletary,34,1992
Ricky Watters,23,1992
Harold Green,24,1992
Jessie Tuggle,27,1992
Robert Massey,25,1992
Troy Aikman,26,1992
Ernest Givins,28,1992
Eugene Robinson,29,1992
Michael Brooks,28,1992
Shannon Sharpe,24,1992
Brett Favre,23,1992
John Alt,30,1992
Rodney Hampton,23,1992
Nick Lowery,36,1992
Curtis Duncan,27,1992
Nate Odomes,27,1992
Howie Long,32,1992
Jim Ritcher,34,1992
Neil O'Donnell,26,1992
Greg Lloyd,27,1992
Andre Reed,28,1992
Lorenzo White,26,1992
Dermontti Dawson,27,1992
Joel Hilgenberg,30,1992
Marv Cook,26,1992
Fred Barnett,26,1992
Greg Montgomery,29,1993
Emmitt Smith,24,1993
Erik Williams,25,1993
Shannon Sharpe,25,1993
LeRoy Butler,25,1993
Sterling Sharpe,28,1993
Randall McDaniel,29,1993
Eric Metcalf,25,1993
Rod Woodson,28,1993
Bruce Smith,30,1993
Deion Sanders,26,1993
Jerry Rice,31,1993
Harris Barton,29,1993
Junior Seau,24,1993
Cortez Kennedy,25,1993
Hardy Nickerson,28,1993
Steve Wisniewski,26,1993
Bruce Matthews,32,1993
John Randle,26,1993
Neil Smith,27,1993
Greg Lloyd,28,1993
Steve Young,32,1993
Jerome Bettis,21,1993
Tyrone Hughes,23,1993
Rickey Jackson,35,1993
Reggie White,32,1993
Norm Johnson,33,1993
Eugene Robinson,30,1993
Steve Tasker,31,1993
Renaldo Turnbull,27,1993
Seth Joyner,29,1993
Ray Childress,31,1993
John Elway,33,1993
Thurman Thomas,27,1993
Mike Munchak,33,1993
Barry Sanders,25,1993
Eric Allen,28,1993
Rich Camarillo,34,1993
Tim McDonald,28,1993
Brent Jones,30,1993
Michael Dean Perry,28,1993
Anthony Miller,28,1993
Troy Aikman,27,1993
Tim Brown,27,1993
Sean Gilbert,23,1993
Mark Stepnoski,26,1993
Marcus Allen,33,1993
Dermontti Dawson,28,1993
Gary Anderson,34,1993
Derrick Thomas,26,1993
Nate Odomes,28,1993
Richmond Webb,26,1993
Chris Doleman,32,1993
Steve Atwater,27,1993
Terry McDaniel,28,1993
Richard Dent,33,1993
Elbert Shelley,29,1993
Nate Newton,32,1993
Howard Ballard,30,1993
Ken Norton Jr.,27,1993
Andre Rison,26,1993
Michael Irvin,27,1993
Eric Green,26,1993
Haywood Jeffires,29,1993
Mark Carrier,25,1993
Howie Long,33,1993
Max Montoya,37,1993
Andre Reed,29,1993
Leslie O'Neal,29,1993
Cornelius Bennett,28,1993
Chris Warren,25,1993
Guy McIntyre,32,1993
Jesse Sapolu,32,1993
Ricky Watters,24,1993
Bobby Hebert,33,1993
Keith Sims,26,1993
Jay Novacek,31,1993
Karl Mecklenburg,33,1993
Dennis Smith,34,1993
Lomas Brown,30,1993
Pat Swilling,29,1993
Brett Favre,24,1993
Russell Maryland,24,1993
Daryl Johnston,27,1993
John Alt,31,1993
Joe Montana,37,1993
Keith Byars,30,1993
Irving Fryar,31,1993
Barry Foster,25,1993
Cris Carter,28,1993
Thomas Everett,29,1993
Jumbo Elliott,28,1993
Rodney Hampton,24,1993
Bart Oates,35,1993
Phil Simms,38,1993
Boomer Esiason,32,1993
Sean Jones,31,1993
Donnell Woolford,27,1993
Warren Moon,37,1993
Webster Slaughter,29,1993
Reggie Roby,33,1994
Randall McDaniel,30,1994
John Randle,27,1994
Cris Carter,29,1994
Richmond Webb,27,1994
Willie Roaf,24,1994
Ben Coates,25,1994
Dermontti Dawson,29,1994
Barry Sanders,26,1994
Greg Lloyd,29,1994
Rod Woodson,29,1994
Darren Woodson,25,1994
Emmitt Smith,25,1994
Junior Seau,25,1994
Charles Haley,30,1994
Deion Sanders,27,1994
Jerry Rice,32,1994
Bruce Smith,31,1994
Steve Young,33,1994
Kevin Greene,32,1994
Mel Gray,33,1994
Chris Spielman,29,1994
Eric Turner,26,1994
John Carney,30,1994
Nate Newton,33,1994
Chester McGlockton,25,1994
Steve Wisniewski,27,1994
Fuad Reveiz,31,1994
Merton Hanks,26,1994
Cortez Kennedy,26,1994
Steve Tasker,32,1994
Keith Sims,27,1994
Reggie White,33,1994
Carnell Lake,27,1994
Dan Marino,33,1994
Chris Warren,26,1994
Lomas Brown,31,1994
Ken Harvey,29,1994
Terry McDaniel,29,1994
Marshall Faulk,21,1994
Leslie O'Neal,30,1994
Brent Jones,31,1994
Rick Tuten,29,1994
Andre Reed,30,1994
Eric Metcalf,26,1994
Bryce Paup,26,1994
Dana Stubblefield,24,1994
Tim Brown,28,1994
Jack Del Rio,31,1994
Irving Fryar,32,1994
Aeneas Williams,26,1994
Derrick Thomas,27,1994
Mark Stepnoski,27,1994
Michael Dean Perry,29,1994
Bryan Cox,26,1994
Bruce Armstrong,29,1994
Leon Lett,26,1994
Terance Mathis,27,1994
Shannon Sharpe,26,1994
Troy Aikman,28,1994
Jesse Sapolu,33,1994
Pepper Johnson,30,1994
Bart Oates,36,1994
Mark Tuinei,34,1994
Tim McDonald,29,1994
Natrone Means,22,1994
Jay Novacek,32,1994
Seth Joyner,30,1994
Gary Zimmerman,33,1994
Duval Love,31,1994
Sterling Sharpe,29,1994
Dale Carter,25,1994
Ricky Watters,25,1994
Neil Smith,28,1994
William Fuller,32,1994
Eric Allen,29,1994
Rob Burnett,27,1994
Jessie Tuggle,29,1994
Drew Bledsoe,22,1994
Leroy Hoard,26,1994
Warren Moon,38,1994
Elbert Shelley,30,1994
Michael Irvin,28,1994
Daryl Johnston,28,1994
Jerome Bettis,22,1994
Steve Atwater,28,1994
John Elway,34,1994
Jeff Hostetler,33,1994
Kevin Gogan,30,1994
Herman Moore,25,1994
Eric Green,27,1994
Bruce Matthews,33,1994
Rob Moore,26,1994
Wayne Martin,29,1994
Darren Bennett,30,1995
Herman Moore,26,1995
Barry Sanders,27,1995
Brett Favre,26,1995
Reggie White,34,1995
Darren Woodson,26,1995
Emmitt Smith,26,1995
Merton Hanks,27,1995
Morten Andersen,35,1995
Aeneas Williams,27,1995
Jerry Rice,33,1995
John Randle,28,1995
Dermontti Dawson,30,1995
Willie Roaf,25,1995
Greg Lloyd,30,1995
Bryce Paup,27,1995
Ben Coates,26,1995
Bruce Smith,32,1995
Brian Mitchell,27,1995
Nate Newton,34,1995
Junior Seau,26,1995
Randall McDaniel,31,1995
Lomas Brown,32,1995
Eric Davis,27,1995
Chester McGlockton,26,1995
Ken Norton Jr.,29,1995
Larry Allen,24,1995
Glyn Milburn,24,1995
Steve Tasker,33,1995
Neil Smith,29,1995
Dale Carter,26,1995
William Fuller,33,1995
Carnell Lake,28,1995
Steve Wisniewski,28,1995
Richmond Webb,28,1995
Kevin Glover,32,1995
Dana Stubblefield,25,1995
Eric Swann,25,1995
Carl Pickens,25,1995
Jason Elam,25,1995
Chris Warren,27,1995
Ken Harvey,30,1995
Bruce Matthews,34,1995
Tim Brown,29,1995
Dan Saleaumua,31,1995
Blaine Bishop,25,1995
Curtis Martin,22,1995
Jeff Feagles,29,1995
Jim Harbaugh,32,1995
William Thomas,27,1995
Terry McDaniel,30,1995
Bruce Armstrong,30,1995
Gary Zimmerman,34,1995
Mark Chmura,26,1995
Lee Woodall,26,1995
Jay Novacek,33,1995
Steve Atwater,29,1995
Elbert Shelley,31,1995
Cris Carter,30,1995
Marshall Faulk,22,1995
Dan Marino,34,1995
Tim McDonald,30,1995
Shannon Sharpe,27,1995
Bart Oates,37,1995
Leslie O'Neal,31,1995
Cortez Kennedy,27,1995
Yancey Thigpen,26,1995
Steve Young,34,1995
Derrick Thomas,28,1995
Ricky Watters,26,1995
Troy Aikman,29,1995
Charles Haley,31,1995
Mark Tuinei,35,1995
Bryan Cox,27,1995
Keith Sims,28,1995
Eric Allen,30,1995
Darryll Lewis,27,1995
Chris Doleman,34,1995
Warren Moon,39,1995
Craig Heyward,29,1995
Jessie Tuggle,30,1995
Jeff Blake,25,1995
Will Wolford,31,1995
Larry Centers,27,1995
Kevin Greene,33,1995
Ray Donaldson,37,1995
Mark Stepnoski,28,1995
Brent Jones,32,1995
Michael Irvin,29,1995
Anthony Miller,30,1995
Kimble Anders,29,1995
Steve Bono,33,1995
Will Shields,24,1995
Terrell Davis,24,1996
Bryant Young,24,1996
Larry Allen,25,1996
Randall McDaniel,32,1996
Jerry Rice,34,1996
John Randle,29,1996
Deion Sanders,29,1996
Chris Gardocki,26,1996
Cary Blanchard,28,1996
Darren Woodson,27,1996
Dermontti Dawson,31,1996
Brett Favre,27,1996
LeRoy Butler,28,1996
Chad Brown,26,1996
Shannon Sharpe,28,1996
Alfred Williams,28,1996
Gary Zimmerman,35,1996
Bruce Smith,33,1996
Michael Bates,27,1996
Willie Roaf,26,1996
Barry Sanders,28,1996
Herman Moore,27,1996
Sam Mills,37,1996
Kevin Greene,34,1996
Junior Seau,27,1996
Aeneas Williams,28,1996
Dale Carter,27,1996
Carl Pickens,26,1996
Lamar Lathon,29,1996
Matt Turk,28,1996
Jerome Bettis,24,1996
Ashley Ambrose,26,1996
Jim Schwantz,26,1996
Cortez Kennedy,28,1996
Bruce Matthews,35,1996
Reggie White,35,1996
Chester McGlockton,27,1996
Derrick Thomas,29,1996
Bruce Armstrong,31,1996
John Elway,36,1996
Tony Tolbert,29,1996
Erik Williams,28,1996
Terry Allen,28,1996
Steve Atwater,30,1996
John Kasay,27,1996
Wesley Walls,30,1996
Larry Centers,28,1996
Lomas Brown,33,1996
Carnell Lake,29,1996
Kevin Glover,33,1996
Tony Martin,31,1996
Levon Kirkland,27,1996
Will Shields,25,1996
Dave Meggett,30,1996
John Henry Mills,27,1996
Mark Stepnoski,29,1996
Hardy Nickerson,31,1996
Merton Hanks,28,1996
Steve Young,35,1996
Rod Woodson,31,1996
Tim Brown,30,1996
Isaac Bruce,24,1996
Ricky Watters,27,1996
William Fuller,34,1996
Ken Harvey,31,1996
Michael Sinclair,28,1996
Bryce Paup,28,1996
Eric Davis,28,1996
Michael Dean Perry,31,1996
Bill Romanowski,30,1996
Keith Jackson,31,1996
Tyrone Braxton,32,1996
Nate Newton,35,1996
Ray Donaldson,38,1996
Tony Boselli,24,1996
Cris Carter,31,1996
Drew Bledsoe,24,1996
Ben Coates,27,1996
Curtis Martin,23,1996
Blaine Bishop,26,1996
Darrell Green,36,1996
Gus Frerotte,25,1996
Ruben Brown,24,1996
Eric Swann,26,1996
Troy Aikman,30,1996
Kerry Collins,24,1996
Irving Fryar,34,1996
Frank Winters,32,1996
Eric Turner,28,1996
Vinny Testaverde,33,1996
Mark Brunell,26,1996
Terry McDaniel,31,1996
Keenan McCardell,26,1996
Kimble Anders,30,1996
Richmond Webb,29,1996
Willie McGinest,25,1996
William Thomas,28,1996
Deion Sanders,30,1997
Jessie Armstead,27,1997
Herman Moore,28,1997
Michael Strahan,26,1997
Tony Boselli,25,1997
Shannon Sharpe,29,1997
Barry Sanders,29,1997
Dermontti Dawson,32,1997
Terrell Davis,25,1997
Levon Kirkland,28,1997
Carnell Lake,30,1997
Larry Allen,26,1997
Aeneas Williams,29,1997
John Randle,30,1997
LeRoy Butler,29,1997
Bruce Smith,34,1997
Jonathan Ogden,23,1997
Dana Stubblefield,27,1997
Brett Favre,28,1997
Michael Bates,28,1997
Rob Moore,29,1997
Bryan Barker,33,1997
Matt Turk,29,1997
Tim Brown,31,1997
Randall McDaniel,33,1997
Hardy Nickerson,32,1997
Travis Jervey,25,1997
Mike Alstott,24,1997
Eric Metcalf,29,1997
Merton Hanks,29,1997
Chris Slade,26,1997
Darryl Williams,27,1997
Jerome Bettis,25,1997
Willie Roaf,27,1997
Todd Steussie,27,1997
Yancey Thigpen,28,1997
Derrick Brooks,24,1997
James Hasty,32,1997
Ted Washington,29,1997
Wesley Walls,31,1997
Jason Hanson,27,1997
Dale Carter,28,1997
Bruce Matthews,36,1997
Kevin Glover,34,1997
Aaron Glenn,25,1997
Robert Porcher,28,1997
Larry Whigham,25,1997
Dorsey Levens,27,1997
John Elway,37,1997
Joel Steed,28,1997
Michael Sinclair,29,1997
Neil Smith,31,1997
Warren Sapp,25,1997
Cris Dishman,32,1997
Ray Lewis,22,1997
Junior Seau,28,1997
Reggie White,36,1997
Steve Young,36,1997
Will Shields,26,1997
Chris Doleman,36,1997
Kevin Gogan,33,1997
Tony Mayberry,30,1997
Ken Norton Jr.,31,1997
John Lynch,26,1997
Warrick Dunn,22,1997
Trent Dilfer,25,1997
Bruce Armstrong,32,1997
Lee Woodall,28,1997
Warren Moon,41,1997
Darrell Green,37,1997
Ken Harvey,32,1997
Kimble Anders,31,1997
Jessie Tuggle,32,1997
Ruben Brown,25,1997
Bryce Paup,29,1997
Erik Williams,29,1997
Darren Woodson,28,1997
Tom Nalen,26,1997
Mark Chmura,28,1997
Mark Brunell,27,1997
Mike Hollis,25,1997
Jimmy Smith,28,1997
Steve Wisniewski,30,1997
Andre Rison,30,1997
Derrick Thomas,30,1997
Cris Carter,32,1997
Chris Chandler,32,1997
Drew Bledsoe,25,1997
Ben Coates,28,1997
Blaine Bishop,27,1997
Eddie George,24,1997
Irving Fryar,35,1997
Chester McGlockton,28,1997
Bruce Matthews,37,1998
Gary Anderson,39,1998
Tony Boselli,26,1998
Reggie White,37,1998
Antonio Freeman,26,1998
LeRoy Butler,30,1998
Randall McDaniel,34,1998
Shannon Sharpe,30,1998
Randy Moss,21,1998
John Randle,31,1998
Ty Law,24,1998
Terrell Davis,26,1998
Craig Hentrich,27,1998
Deion Sanders,31,1998
Dermontti Dawson,33,1998
Larry Allen,27,1998
Jamal Anderson,26,1998
Rodney Harrison,26,1998
Junior Seau,29,1998
Chad Brown,28,1998
Jermaine Lewis,24,1998
Darrell Russell,22,1998
Randall Cunningham,35,1998
Mo Lewis,29,1998
Michael Strahan,27,1998
Roell Preston,26,1998
Michael McCrary,28,1998
Bennie Thompson,35,1998
Ray Lewis,23,1998
Steve Young,37,1998
Mike Alstott,25,1998
Darren Woodson,29,1998
Todd Steussie,28,1998
Michael Sinclair,30,1998
Kevin Gogan,34,1998
Lawyer Milloy,25,1998
Derrick Brooks,25,1998
Ray Buchanan,27,1998
Warren Sapp,26,1998
Matt Turk,30,1998
Jeff Christy,29,1998
Jonathan Ogden,24,1998
Marshall Faulk,25,1998
Eric Moulds,25,1998
Jason Elam,28,1998
Jessie Tuggle,33,1998
Ruben Brown,26,1998
Jessie Armstead,28,1998
Michael Bates,29,1998
Ted Washington,30,1998
Vinny Testaverde,35,1998
Keyshawn Johnson,26,1998
Aaron Glenn,26,1998
Garrison Hearst,27,1998
Eugene Robinson,35,1998
Mark Chmura,29,1998
Ben Coates,29,1998
Ed McCaffrey,30,1998
Jimmy Smith,29,1998
Barry Sanders,30,1998
Bruce Smith,35,1998
Sam Gash,29,1998
Chris Chandler,33,1998
Jerry Rice,36,1998
Wesley Walls,32,1998
Kevin Greene,36,1998
Cortez Kennedy,30,1998
Hardy Nickerson,33,1998
Shawn Springs,23,1998
Tony Mayberry,31,1998
Bob Whitfield,27,1998
Doug Flutie,36,1998
Frank Wycheck,27,1998
Winfred Tubbs,28,1998
John Elway,38,1998
Will Shields,27,1998
Cris Carter,33,1998
Ed McDaniel,29,1998
Mark Schlereth,32,1998
Bill Romanowski,32,1998
Robert Smith,26,1998
Tom Nalen,27,1998
Joe Johnson,26,1998
Willie Roaf,28,1998
Tony Jones,32,1998
Aeneas Williams,30,1998
Curtis Martin,25,1998
Eddie George,25,1998
Steve Atwater,32,1998
Emmitt Smith,29,1998
Tim Bowens,25,1998
Nate Newton,37,1998
Leon Lett,30,1998
Charles Woodson,22,1998
Peter Boulware,24,1998
Marvin Harrison,27,1999
Tony Boselli,27,1999
Ray Lewis,24,1999
Derrick Brooks,26,1999
Larry Allen,28,1999
John Lynch,28,1999
Kevin Hardy,26,1999
Marshall Faulk,26,1999
Edgerrin James,21,1999
Kevin Carter,26,1999
Warren Sapp,27,1999
Tony Gonzalez,23,1999
Kurt Warner,28,1999
Orlando Pace,24,1999
Jevon Kearse,23,1999
Sam Madison,25,1999
Olindo Mare,26,1999
Darrell Russell,23,1999
Mitch Berger,27,1999
Cris Carter,34,1999
Bruce Matthews,38,1999
Lawyer Milloy,26,1999
Glyn Milburn,28,1999
Kevin Mawae,28,1999
Charles Woodson,23,1999
Isaac Bruce,27,1999
Carnell Lake,32,1999
Deion Sanders,32,1999
Trevor Pryce,24,1999
Michael Bates,30,1999
Tom Tupa,33,1999
Jeff Christy,30,1999
Tom Nalen,28,1999
Mike Alstott,26,1999
Zach Thomas,26,1999
Will Shields,28,1999
Todd Lyght,30,1999
Eddie George,26,1999
Jessie Armstead,29,1999
Ruben Brown,27,1999
Peter Boulware,25,1999
Tony Brackens,25,1999
Jonathan Ogden,25,1999
Jimmy Smith,30,1999
Tre' Johnson,28,1999
Stephen Davis,25,1999
Wesley Walls,33,1999
Peyton Manning,23,1999
Hardy Nickerson,34,1999
Brian Dawkins,26,1999
Tremain Mack,25,1999
Detron Smith,25,1999
Luther Elliss,26,1999
Willie Roaf,29,1999
Jason Hanson,29,1999
Robert Porcher,30,1999
Bryant Young,27,1999
Junior Seau,30,1999
Sam Gash,30,1999
Simeon Rice,25,1999
Leon Searcy,30,1999
Dexter Coakley,27,1999
Stephen Boyd,27,1999
Chad Brown,29,1999
Walter Jones,25,1999
Cortez Kennedy,31,1999
Lance Schulters,24,1999
Erik Williams,31,1999
Emmitt Smith,30,1999
Rod Woodson,34,1999
Aeneas Williams,31,1999
Tony Mayberry,32,1999
Corey Dillon,25,1999
Muhsin Muhammad,26,1999
Brad Johnson,31,1999
Steve Beuerlein,34,1999
Frank Wycheck,28,1999
David Sloan,27,1999
Michael McCrary,29,1999
Mark Brunell,29,1999
Tim Grunhard,31,1999
James Hasty,34,1999
Randall McDaniel,35,1999
Randy Moss,22,1999
Terry Glenn,25,1999
Michael Strahan,28,1999
Keyshawn Johnson,27,1999
Mo Lewis,30,1999
Rich Gannon,34,1999
Tim Brown,33,1999
Troy Vincent,29,1999
Bruce Matthews,39,2000
Randy Moss,23,2000
Rich Gannon,35,2000
Marshall Faulk,27,2000
Jason Taylor,26,2000
La'Roi Glover,26,2000
Sam Madison,26,2000
Ray Lewis,25,2000
Tony Gonzalez,24,2000
Jonathan Ogden,26,2000
Matt Stover,32,2000
Darren Sharper,25,2000
Hugh Douglas,29,2000
Warren Sapp,28,2000
John Lynch,29,2000
Derrick Mason,26,2000
Derrick Brooks,27,2000
Junior Seau,31,2000
Larry Allen,29,2000
Samari Rolle,24,2000
Marvin Harrison,28,2000
Tom Nalen,29,2000
Eddie George,27,2000
Edgerrin James,22,2000
Willie Roaf,30,2000
Orlando Pace,25,2000
Terrell Owens,27,2000
Jeremiah Trotter,23,2000
Darren Bennett,35,2000
Michael Bates,31,2000
Kevin Mawae,29,2000
Champ Bailey,22,2000
Robert Smith,28,2000
Chad Lewis,29,2000
Mo Lewis,31,2000
Steve Wisniewski,33,2000
Martin Gramatica,25,2000
Rod Smith,30,2000
Rod Woodson,35,2000
Trace Armstrong,35,2000
Sam Adams,27,2000
Daunte Culpepper,23,2000
Scott Player,31,2000
Brad Hopkins,30,2000
Trevor Pryce,25,2000
Desmond Howard,30,2000
Ron Stone,29,2000
Keith Mitchell,26,2000
Joe Johnson,28,2000
Larry Izzo,26,2000
Brock Marion,30,2000
Troy Vincent,30,2000
Matt Birk,24,2000
Frank Wycheck,29,2000
Charles Woodson,24,2000
Sam Cowart,25,2000
Blaine Bishop,30,2000
Stephen Boyd,28,2000
Jessie Armstead,30,2000
Ruben Brown,28,2000
Peyton Manning,24,2000
Warrick Dunn,25,2000
Luther Elliss,27,2000
Brian Griese,25,2000
Jeff Garcia,30,2000
Charlie Garner,28,2000
Donnie Abraham,27,2000
Mike Alstott,27,2000
Corey Dillon,26,2000
Jeff Christy,31,2000
Jimmy Smith,31,2000
Brian Urlacher,22,2000
Ted Washington,32,2000
Randall McDaniel,36,2000
Eric Moulds,27,2000
Stephen Alexander,25,2000
Marco Coleman,31,2000
Stephen Davis,26,2000
Cris Carter,35,2000
Jevon Kearse,24,2000
Richie Anderson,29,2000
Donovan McNabb,24,2000
Joe Horn,28,2000
Mark Fields,28,2000
Jason Gildon,28,2000
Korey Stringer,26,2000
Lincoln Kennedy,29,2000
Robert Griffith,30,2000
Tony Boselli,28,2000
Isaac Bruce,28,2000
Zach Thomas,27,2000
Torry Holt,24,2000
Tim Ruddy,28,2000
Kurt Warner,29,2000
Will Shields,29,2000
Elvis Grbac,30,2000
Steve McNair,27,2000
Todd Sauerbrun,28,2001
Steve Smith Sr.,22,2001
Brian Urlacher,23,2001
Jamir Miller,28,2001
David Boston,23,2001
Larry Allen,30,2001
Tony Gonzalez,25,2001
Michael Strahan,30,2001
John Abraham,23,2001
Kevin Mawae,30,2001
David Akers,27,2001
Brian Dawkins,28,2001
Alan Faneca,25,2001
Marshall Faulk,28,2001
Orlando Pace,26,2001
Kurt Warner,30,2001
Aeneas Williams,33,2001
Terrell Owens,28,2001
Warren Sapp,29,2001
Curtis Martin,28,2001
Jonathan Ogden,27,2001
Jason Gildon,29,2001
Ray Lewis,26,2001
Ted Washington,33,2001
Ronde Barber,26,2001
Jermaine Lewis,27,2001
John Lynch,30,2001
Larry Whigham,29,2001
Priest Holmes,28,2001
Troy Brown,30,2001
Charles Woodson,25,2001
Sam Adams,28,2001
Rodney Harrison,29,2001
Walter Jones,27,2001
Marvin Harrison,29,2001
Jason Elam,31,2001
Rod Smith,31,2001
Ahman Green,24,2001
Sam Madison,27,2001
Troy Vincent,31,2001
Shane Lechler,25,2001
Marcellus Wiley,27,2001
Ray Brown,39,2001
Bryant Young,29,2001
Derrick Brooks,28,2001
LaVar Arrington,23,2001
Wesley Walls,35,2001
Olin Kreutz,24,2001
Ian Gold,23,2001
Deltha O'Neal,24,2001
Robert Porcher,32,2001
Will Shields,30,2001
Lawyer Milloy,28,2001
Rich Gannon,36,2001
John Randle,34,2001
Chris Samuels,24,2001
James Williams,33,2001
Trevor Pryce,26,2001
Brett Favre,32,2001
Zach Thomas,28,2001
Sammy Knight,26,2001
Jeremiah Trotter,24,2001
Kendrell Bell,23,2001
Lincoln Kennedy,30,2001
Adam Timmerman,30,2001
Keith Brooking,26,2001
Ruben Brown,29,2001
Larry Centers,33,2001
Corey Dillon,27,2001
Ken Dilger,30,2001
Dexter Coakley,29,2001
Dwayne Carswell,29,2001
Al Wilson,24,2001
Bubba Franks,23,2001
Jimmy Smith,32,2001
Gary Walker,28,2001
Matt Birk,25,2001
Byron Chamberlain,30,2001
La'Roi Glover,27,2001
Joe Horn,29,2001
Tom Brady,24,2001
Ty Law,27,2001
Jessie Armstead,31,2001
Ron Stone,30,2001
Jevon Kearse,25,2001
Bruce Matthews,40,2001
Hugh Douglas,30,2001
Chad Lewis,30,2001
Donovan McNabb,25,2001
Tra Thomas,27,2001
Jerome Bettis,29,2001
Kordell Stewart,29,2001
Hines Ward,25,2001
Tim Brown,35,2001
Isaac Bruce,29,2001
Torry Holt,25,2001
Shannon Sharpe,33,2001
Rod Woodson,36,2001
Ryan McNeil,31,2001
Junior Seau,32,2001
Jeff Garcia,31,2001
Garrison Hearst,30,2001
Jeremy Newberry,25,2001
Mike Alstott,28,2001
Keyshawn Johnson,29,2001
Champ Bailey,23,2001
Simeon Rice,28,2002
Patrick Surtain,26,2002
Jason Taylor,28,2002
Derrick Brooks,29,2002
Ricky Williams,25,2002
Terrell Owens,29,2002
Michael Lewis,31,2002
Marvin Harrison,30,2002
Will Shields,31,2002
Brian Urlacher,24,2002
Warren Sapp,30,2002
Todd Sauerbrun,29,2002
Priest Holmes,29,2002
Jonathan Ogden,28,2002
Brian Dawkins,29,2002
Alan Faneca,26,2002
Joey Porter,25,2002
Rich Gannon,37,2002
Tony Gonzalez,26,2002
La'Roi Glover,28,2002
Kevin Mawae,31,2002
Adam Vinatieri,30,2002
Rod Woodson,37,2002
Darren Sharper,27,2002
Tra Thomas,28,2002
Bobby Taylor,29,2002
David Akers,28,2002
Troy Vincent,32,2002
Fred McAfee,34,2002
Jeremy Shockey,22,2002
Aaron Glenn,30,2002
Walter Jones,28,2002
Zach Thomas,29,2002
Lincoln Kennedy,31,2002
Kris Jenkins,23,2002
Barret Robbins,29,2002
Brett Favre,33,2002
Hines Ward,26,2002
Hugh Douglas,31,2002
Jermane Mayberry,29,2002
Chris Hanson,26,2002
Larry Izzo,28,2002
LaVar Arrington,24,2002
John Abraham,24,2002
Richard Seymour,23,2002
Gary Walker,29,2002
Deuce McAllister,24,2002
Ron Stone,31,2002
Randy Moss,25,2002
Jeremy Newberry,26,2002
Jerry Rice,40,2002
Dante Hall,24,2002
Julian Peterson,24,2002
Ruben Brown,30,2002
Willie Roaf,32,2002
Eric Moulds,29,2002
LaDainian Tomlinson,23,2002
Michael Strahan,31,2002
John Lynch,31,2002
Keith Brooking,27,2002
Donnie Edwards,29,2002
Chris Samuels,25,2002
Champ Bailey,24,2002
Marshall Faulk,29,2002
Damien Woody,25,2002
Orlando Pace,27,2002
Peter Boulware,28,2002
Todd Heap,22,2002
Shelton Quarles,31,2002
Junior Seau,33,2002
Brad Johnson,34,2002
Mike Alstott,29,2002
Jeff Garcia,32,2002
Bryant Young,30,2002
Marco Rivera,30,2002
Michael Vick,22,2002
Drew Bledsoe,30,2002
Travis Henry,24,2002
Marty Booker,26,2002
Olin Kreutz,25,2002
Lorenzo Neal,32,2002
Peyton Manning,26,2002
Trevor Pryce,27,2002
Al Wilson,25,2002
Donald Driver,27,2002
Bubba Franks,24,2002
Ahman Green,25,2002
Jason Gildon,30,2002
Tim Bowens,29,2002
Sam Madison,28,2002
Brock Marion,32,2002
Michael Bennett,24,2002
Joe Horn,30,2002
Ty Law,28,2002
Lawyer Milloy,29,2002
Kevin Carter,29,2002
Chad Lewis,31,2002
Donovan McNabb,26,2002
Jon Runyan,29,2002
Jonathan Ogden,29,2003
Mike Vanderjagt,33,2003
Peyton Manning,27,2003
Tony Gonzalez,27,2003
Roy Williams,23,2003
Dante Hall,25,2003
Priest Holmes,30,2003
Steve Hutchinson,26,2003
Michael Strahan,32,2003
Will Shields,32,2003
Julian Peterson,25,2003
Kris Jenkins,24,2003
Richard Seymour,24,2003
Ray Lewis,28,2003
Jamal Lewis,24,2003
Torry Holt,27,2003
Ed Reed,25,2003
Keith Bulluck,26,2003
Leonard Little,29,2003
Tom Nalen,32,2003
Orlando Pace,28,2003
Willie Roaf,33,2003
Ty Law,29,2003
Randy Moss,26,2003
Chris McAlister,26,2003
Matt Birk,27,2003
Patrick Surtain,27,2003
Champ Bailey,25,2003
Todd Sauerbrun,30,2003
Marvin Harrison,31,2003
Jerry Azumah,26,2003
Alex Bannister,24,2003
Simeon Rice,29,2003
Derrick Brooks,30,2003
Zach Thomas,30,2003
La'Roi Glover,29,2003
LaVar Arrington,25,2003
Chad Johnson,25,2003
Dwight Freeney,23,2003
Marcus Stroud,25,2003
Marco Rivera,31,2003
Alan Faneca,27,2003
Jeff Wilkins,31,2003
Walter Jones,29,2003
Craig Hentrich,32,2003
Deuce McAllister,25,2003
Adalius Thomas,26,2003
Alge Crumpler,26,2003
Adewale Ogunleye,26,2003
Dre' Bly,26,2003
Brett Favre,34,2003
Takeo Spikes,27,2003
Ahman Green,26,2003
Hines Ward,27,2003
Willie Anderson,28,2003
Steve McNair,30,2003
Fred Beasley,29,2003
Todd Heap,23,2003
Brian Urlacher,25,2003
Larry Allen,32,2003
Dexter Coakley,31,2003
Flozell Adams,28,2003
Clinton Portis,22,2003
Anquan Boldin,23,2003
Shaun Alexander,26,2003
Al Wilson,26,2003
Matt Hasselbeck,28,2003
Laveranues Coles,26,2003
Olin Kreutz,26,2003
Terrell Owens,30,2003
Mike Rucker,28,2003
Stephen Davis,29,2003
Keenan McCardell,33,2003
Warren Sapp,31,2003
Ruben Brown,31,2003
Keith Brooking,28,2003
Corey Chavous,27,2003
Brad Hopkins,33,2003
Daunte Culpepper,26,2003
LeCharles Bentley,24,2003
Brock Marion,33,2003
Jerome Woods,30,2003
Willie McGinest,32,2003
Gary Stills,29,2003
Jeremy Shockey,23,2003
Tony Richardson,32,2003
Shaun Ellis,26,2003
Kevin Mawae,32,2003
Trent Green,33,2003
Peter Boulware,29,2003
Derrick Mason,29,2003
Donovan McNabb,27,2003
Corey Simon,26,2003
Troy Vincent,33,2003
Kabeer Gbaja-Biamila,26,2003
Casey Hampton,26,2003
Marc Bulger,26,2003
Bubba Franks,25,2003
Mike Flanagan,30,2003
Aeneas Williams,35,2003
Takeo Spikes,28,2004
Julius Peppers,24,2004
Dwight Freeney,24,2004
Peyton Manning,28,2004
Champ Bailey,26,2004
Eddie Drummond,24,2004
Kevin Williams,24,2004
Richard Seymour,25,2004
Adam Vinatieri,32,2004
Curtis Martin,31,2004
Brian Dawkins,31,2004
Terrell Owens,31,2004
Alan Faneca,28,2004
James Farrior,29,2004
Shane Lechler,28,2004
Ed Reed,26,2004
Antonio Gates,24,2004
Walter Jones,30,2004
Brian Waters,27,2004
Terrence McGee,24,2004
Muhsin Muhammad,31,2004
Willie Roaf,34,2004
Lito Sheppard,23,2004
Derrick Brooks,31,2004
Jeff Hartings,32,2004
Ray Lewis,29,2004
Marvin Harrison,32,2004
Edgerrin James,26,2004
Kevin Mawae,33,2004
Chris McAlister,27,2004
Shaun Alexander,27,2004
Larry Izzo,30,2004
Willie Anderson,29,2004
William Henderson,33,2004
Orlando Pace,29,2004
LaDainian Tomlinson,25,2004
Ronde Barber,29,2004
Keith Brooking,29,2004
Bertrand Berry,29,2004
Will Shields,33,2004
David Akers,30,2004
Troy Polamalu,23,2004
Joey Porter,27,2004
Jonathan Ogden,30,2004
Steve Hutchinson,27,2004
Dan Morgan,26,2004
Olin Kreutz,27,2004
Chad Johnson,26,2004
Jason Witten,22,2004
Marco Rivera,32,2004
Marcus Stroud,26,2004
Jason Taylor,30,2004
Daunte Culpepper,27,2004
Mitch Berger,32,2004
Tiki Barber,29,2004
Michael Lewis,24,2004
Ike Reese,31,2004
Tra Thomas,30,2004
Patrick Kerney,28,2004
Shaun Rogers,25,2004
Tony Gonzalez,28,2004
Tony Richardson,33,2004
Tedy Bruschi,31,2004
Hines Ward,28,2004
Alge Crumpler,27,2004
Allen Rossum,29,2004
Michael Vick,24,2004
Sam Adams,31,2004
Nate Clements,25,2004
Mark Fields,32,2004
Tory James,31,2004
Rudi Johnson,25,2004
Tarik Glenn,28,2004
Flozell Adams,29,2004
Larry Allen,33,2004
La'Roi Glover,30,2004
Roy Williams,24,2004
John Lynch,33,2004
Dre' Bly,27,2004
Ahman Green,27,2004
Javon Walker,26,2004
Andre Johnson,23,2004
John Henderson,25,2004
Kendall Gammon,36,2004
Patrick Surtain,28,2004
Matt Birk,28,2004
Joe Horn,32,2004
Tom Brady,27,2004
Corey Dillon,30,2004
John Abraham,26,2004
Donovan McNabb,28,2004
Jeremiah Trotter,27,2004
Brian Westbrook,25,2004
Jerome Bettis,32,2004
Aaron Smith,28,2004
Marvel Smith,26,2004
Torry Holt,28,2004
Terrell Suggs,22,2004
Drew Brees,25,2004
Brian Jennings,28,2004
Marcus Washington,27,2004
Jerome Mathis,22,2005
Troy Polamalu,24,2005
Peyton Manning,29,2005
Alan Faneca,29,2005
Dwight Freeney,25,2005
Antonio Gates,25,2005
Neil Rackers,29,2005
Chad Johnson,27,2005
Brian Urlacher,27,2005
Shaun Alexander,28,2005
Steve Hutchinson,28,2005
Walter Jones,31,2005
Brian Moorman,29,2005
Steve Smith Sr.,26,2005
Champ Bailey,27,2005
Darren Sharper,30,2005
Olin Kreutz,28,2005
Willie Anderson,30,2005
Al Wilson,28,2005
Richard Seymour,26,2005
Osi Umenyiora,24,2005
Tiki Barber,30,2005
Jamal Williams,29,2005
Lance Briggs,25,2005
Michael Strahan,34,2005
Willie Roaf,35,2005
Roderick Coleman,29,2005
Cato June,26,2005
Deltha O'Neal,28,2005
Nathan Vasher,24,2005
Bob Sanders,24,2005
Jeff Saturday,30,2005
David Tyree,25,2005
Ronde Barber,30,2005
Derrick Brooks,32,2005
LaDainian Tomlinson,26,2005
Marcus Stroud,27,2005
Shawne Merriman,21,2005
Mack Strong,34,2005
Brian Waters,28,2005
Larry Johnson,26,2005
Will Shields,34,2005
Santana Moss,26,2005
Josh Bidwell,29,2005
Derrick Burgess,27,2005
Joey Porter,28,2005
Marvin Harrison,33,2005
Shayne Graham,28,2005
Tommie Harris,22,2005
Mike Brown,27,2005
Matt Hasselbeck,30,2005
Edgerrin James,27,2005
Orlando Pace,30,2005
Hanik Milligan,26,2005
Mike Wahle,28,2005
Koren Robinson,25,2005
Tom Brady,28,2005
Zach Thomas,32,2005
Lorenzo Neal,35,2005
Chris Samuels,28,2005
Lofa Tatupu,23,2005
Alge Crumpler,28,2005
Tarik Glenn,29,2005
Torry Holt,29,2005
Warrick Dunn,30,2005
Jonathan Ogden,31,2005
Carson Palmer,26,2005
DeAngelo Hall,22,2005
Michael Vick,25,2005
Robbie Tobeck,35,2005
Casey Hampton,28,2005
Julius Peppers,25,2005
Jake Delhomme,30,2005
Mike Schneck,28,2005
Roy Williams,25,2005
Tony Gonzalez,29,2005
Shaun Rogers,26,2005
Keith Brooking,30,2005
Rod Smith,35,2005
Chris Chambers,27,2005
Jason Taylor,31,2005
Jake Plummer,31,2005
LeCharles Bentley,26,2005
John Lynch,34,2005
Jason Witten,23,2005
Jeremy Shockey,25,2005
Jeff Hartings,33,2005
La'Roi Glover,31,2005
Larry Allen,34,2005
Ty Law,31,2005
Jonathan Vilma,23,2005
Steve McNair,32,2005
Kyle Vanden Bosch,27,2005
Mike Bartrum,35,2005
Brian Dawkins,32,2005
Jeremiah Trotter,28,2005
Larry Fitzgerald,22,2005
Trent Green,35,2005
Devin Hester,24,2006
Brian Moorman,30,2006
Julius Peppers,26,2006
Robbie Gould,24,2006
Olin Kreutz,29,2006
Brian Urlacher,28,2006
Chad Johnson,28,2006
Marvin Harrison,34,2006
Champ Bailey,28,2006
Rashean Mathis,26,2006
Larry Johnson,27,2006
Jason Taylor,32,2006
Kevin Williams,26,2006
Drew Brees,27,2006
Ed Reed,28,2006
Antonio Gates,26,2006
Shawne Merriman,22,2006
LaDainian Tomlinson,27,2006
Jamal Williams,30,2006
Adrian Wilson,27,2006
Steve Hutchinson,29,2006
Justin Miller,22,2006
Walter Jones,32,2006
Jammal Brown,25,2006
Shawn Andrews,24,2006
Alan Faneca,30,2006
Adalius Thomas,29,2006
Lance Briggs,26,2006
Jonathan Ogden,32,2006
Brendon Ayanbadejo,30,2006
Willie Anderson,31,2006
Zach Thomas,33,2006
Brian Dawkins,33,2006
Lorenzo Neal,36,2006
Aaron Schobel,29,2006
Peyton Manning,30,2006
Jeff Saturday,31,2006
Mat McBriar,27,2006
DeMarcus Ware,24,2006
Aaron Kampman,27,2006
Will Shields,35,2006
Richard Seymour,27,2006
Torry Holt,30,2006
Steven Jackson,23,2006
Nate Kaeding,24,2006
Frank Gore,23,2006
Alge Crumpler,29,2006
Tommie Harris,23,2006
Donald Driver,31,2006
Lito Sheppard,25,2006
Kassim Osgood,26,2006
Al Wilson,29,2006
Andre Johnson,25,2006
John Henderson,27,2006
Tony Gonzalez,30,2006
Bart Scott,26,2006
Ronde Barber,31,2006
DeAngelo Hall,23,2006
Kris Jenkins,27,2006
Steve Smith Sr.,27,2006
Ruben Brown,34,2006
Carson Palmer,27,2006
Tarik Glenn,30,2006
Reggie Wayne,28,2006
Anquan Boldin,26,2006
Flozell Adams,31,2006
Andre Gurode,28,2006
Tony Romo,26,2006
Roy Williams,26,2006
Jason Witten,24,2006
John Lynch,35,2006
Roy Williams,25,2006
Brian Waters,29,2006
Matt Birk,30,2006
Pat Williams,34,2006
Will Smith,25,2006
Matt Light,28,2006
Tiki Barber,31,2006
Antonio Pierce,28,2006
Jeremy Shockey,26,2006
Vince Young,23,2006
Casey Hampton,29,2006
Willie Parker,26,2006
Troy Polamalu,25,2006
Derrick Burgess,28,2006
Marc Bulger,29,2006
Chris McAlister,29,2006
Terrell Suggs,24,2006
David Binn,34,2006
Nick Hardwick,25,2006
Marcus McNeill,23,2006
Philip Rivers,25,2006
Julian Peterson,28,2006
Mack Strong,35,2006
Lofa Tatupu,24,2006
Larry Allen,35,2006
Walt Harris,32,2006
Derrick Brooks,33,2006
Dave Moore,37,2006
Chris Samuels,29,2006
Sean Taylor,23,2006
Devin Hester,25,2007
Bob Sanders,26,2007
DeMarcus Ware,25,2007
Jason Witten,25,2007
Jared Allen,25,2007
Steve Hutchinson,30,2007
Kevin Williams,27,2007
Tom Brady,30,2007
Randy Moss,30,2007
Asante Samuel,26,2007
Rob Bironas,29,2007
Albert Haynesworth,26,2007
Ed Reed,29,2007
LaDainian Tomlinson,28,2007
Walter Jones,33,2007
Patrick Willis,22,2007
Josh Cribbs,24,2007
Logan Mankins,25,2007
Jeff Saturday,32,2007
Terrell Owens,34,2007
Matt Light,29,2007
Mike Vrabel,32,2007
Brian Westbrook,28,2007
Antonio Cromartie,23,2007
Patrick Kerney,31,2007
Andy Lee,25,2007
Jason Peters,25,2007
DeMeco Ryans,23,2007
Adrian Peterson,22,2007
Shane Lechler,31,2007
Alan Faneca,31,2007
Kassim Osgood,27,2007
Marcus Trufant,27,2007
Braylon Edwards,24,2007
Andre Gurode,29,2007
Lorenzo Neal,37,2007
Lofa Tatupu,25,2007
Reggie Wayne,29,2007
Flozell Adams,32,2007
Brett Favre,38,2007
Al Harris,33,2007
Aaron Kampman,28,2007
Darren Sharper,32,2007
Pat Williams,35,2007
Vince Wilfork,26,2007
James Harrison,29,2007
Brendon Ayanbadejo,31,2007
Larry Fitzgerald,24,2007
Nick Folk,23,2007
Matt Birk,31,2007
Kyle Vanden Bosch,29,2007
Shawn Andrews,25,2007
Willie Parker,27,2007
Antonio Gates,27,2007
Julian Peterson,29,2007
Leonard Davis,29,2007
Champ Bailey,29,2007
Fred Taylor,31,2007
Tony Gonzalez,31,2007
Tony Richardson,36,2007
Dan Koppen,28,2007
Troy Polamalu,26,2007
Shawne Merriman,23,2007
Sean Taylor,24,2007
Aaron Schobel,30,2007
Lance Briggs,27,2007
Tommie Harris,24,2007
T.J. Houshmandzadeh,30,2007
Chad Johnson,29,2007
Derek Anderson,24,2007
Ryan Pontbriand,28,2007
Joe Thomas,23,2007
Kellen Winslow,24,2007
Joseph Addai,24,2007
Antoine Bethea,23,2007
Peyton Manning,31,2007
Darnell Dockett,26,2007
Marion Barber III,24,2007
Greg Ellis,32,2007
Ken Hamlin,26,2007
Terence Newman,29,2007
Tony Romo,27,2007
Roy Williams,27,2007
John Lynch,36,2007
Chad Clifton,31,2007
Donald Driver,32,2007
Jason Taylor,33,2007
Osi Umenyiora,26,2007
Trent Cole,25,2007
Casey Hampton,30,2007
Ben Roethlisberger,25,2007
Torry Holt,31,2007
Ray Lewis,32,2007
Willis McGahee,26,2007
Jonathan Ogden,33,2007
Kris Dielman,26,2007
Marcus McNeill,24,2007
Jamal Williams,31,2007
Matt Hasselbeck,32,2007
Jeff Garcia,37,2007
Ethan Albright,36,2007
Chris Cooley,25,2007
Chris Samuels,30,2007
Michael Griffin,23,2008
Cortland Finnegan,24,2008
Stephen Gostkowski,24,2008
Adrian Peterson,23,2008
Steve Hutchinson,31,2008
Chris Snee,26,2008
Tony Gonzalez,32,2008
Andre Johnson,27,2008
DeMarcus Ware,26,2008
Albert Haynesworth,27,2008
Michael Roos,26,2008
Larry Fitzgerald,25,2008
James Harrison,30,2008
Troy Polamalu,27,2008
Nnamdi Asomugha,27,2008
Shane Lechler,32,2008
Michael Turner,26,2008
Jordan Gross,28,2008
Ed Reed,30,2008
Peyton Manning,32,2008
Kevin Williams,28,2008
Justin Tuck,25,2008
Ray Lewis,33,2008
Kevin Mawae,37,2008
Drew Brees,29,2008
Joey Porter,31,2008
Shaun O'Hara,31,2008
Kris Jenkins,29,2008
Mario Williams,23,2008
Brendon Ayanbadejo,32,2008
Julius Peppers,28,2008
Le'Ron McClain,24,2008
Jon Beason,23,2008
Leon Washington,26,2008
Jared Allen,26,2008
Alan Faneca,32,2008
Antoine Winfield,31,2008
Wes Welker,27,2008
Kris Dielman,27,2008
Clifton Smith,23,2008
Patrick Willis,23,2008
Jason Witten,26,2008
John Carney,44,2008
Adrian Wilson,29,2008
Charles Woodson,32,2008
Nick Collins,25,2008
Thomas Jones,30,2008
Roddy White,27,2008
Chris Johnson,23,2008
Sean Morey,32,2008
Robert Mathis,27,2008
Jay Ratliff,27,2008
Lance Briggs,28,2008
Steve Smith Sr.,29,2008
James Farrior,33,2008
Joe Thomas,24,2008
Terrell Suggs,26,2008
Walter Jones,34,2008
Clinton Portis,27,2008
Jason Peters,26,2008
Marshawn Lynch,22,2008
Mike Sellers,33,2008
Anquan Boldin,28,2008
Chris Samuels,31,2008
Reggie Wayne,30,2008
Dwight Freeney,28,2008
Chris Cooley,26,2008
Shaun Rogers,29,2008
Ryan Pontbriand,29,2008
Davin Joseph,25,2008
Derrick Brooks,35,2008
Brian Dawkins,35,2008
Antonio Gates,28,2008
Ronde Barber,33,2008
Julian Peterson,30,2008
Brandon Marshall,24,2008
Pat Williams,36,2008
Jake Long,23,2008
Zak DeOssie,24,2008
Jeff Feagles,42,2008
Eli Manning,27,2008
Ronnie Brown,27,2008
Brian Waters,31,2008
Owen Daniels,26,2008
Al Harris,34,2008
Brett Favre,39,2008
Casey Wiegmann,35,2008
Asante Samuel,27,2008
Nick Mangold,24,2008
Darrelle Revis,23,2008
Jay Cutler,25,2008
Kerry Collins,36,2008
Andre Gurode,30,2008
Leonard Davis,30,2008
Chris Hope,28,2008
Flozell Adams,33,2008
Kurt Warner,37,2008
Jammal Brown,27,2008
Peyton Manning,33,2009
Drew Brees,30,2009
Philip Rivers,28,2009
Tony Romo,29,2009
Aaron Rodgers,26,2009
Matt Schaub,28,2009
David Garrard,31,2009
Brett Favre,40,2009
Tom Brady,32,2009
Vince Young,26,2009
Donovan McNabb,33,2009
Chris Johnson,24,2009
Adrian Peterson,24,2009
Maurice Jones-Drew,24,2009
Steven Jackson,26,2009
Ray Rice,22,2009
DeAngelo Williams,26,2009
Frank Gore,26,2009
Leonard Weaver,27,2009
Le'Ron McClain,25,2009
Andre Johnson,28,2009
Wes Welker,28,2009
Larry Fitzgerald,26,2009
Reggie Wayne,31,2009
Vincent Jackson,26,2009
Brandon Marshall,25,2009
Sidney Rice,23,2009
Roddy White,28,2009
Chad Johnson,31,2009
Miles Austin,25,2009
Steve Smith,24,2009
Dallas Clark,30,2009
Jason Witten,27,2009
Vernon Davis,25,2009
Antonio Gates,29,2009
Heath Miller,27,2009
Joe Thomas,25,2009
Ryan Clady,23,2009
Jake Long,24,2009
Jon Stinchcomb,30,2009
Jason Peters,27,2009
Bryant McKinnie,30,2009
David Diehl,29,2009
D'Brickashaw Ferguson,26,2009
Jahri Evans,26,2009
Steve Hutchinson,32,2009
Logan Mankins,27,2009
Alan Faneca,33,2009
Chris Snee,27,2009
Kris Dielman,28,2009
Leonard Davis,31,2009
Nick Mangold,25,2009
Andre Gurode,31,2009
Ryan Kalil,24,2009
Jeff Saturday,34,2009
Jonathan Goodwin,31,2009
Shaun O'Hara,32,2009
Kevin Mawae,38,2009
Dwight Freeney,29,2009
Jared Allen,27,2009
Trent Cole,27,2009
Mario Williams,24,2009
Julius Peppers,29,2009
Robert Mathis,28,2009
Shaun Ellis,32,2009
Kyle Vanden Bosch,31,2009
Kevin Williams,29,2009
Haloti Ngata,25,2009
Jay Ratliff,28,2009
Darnell Dockett,28,2009
Justin Smith,30,2009
Vince Wilfork,28,2009
Casey Hampton,32,2009
DeMarcus Ware,27,2009
Elvis Dumervil,25,2009
LaMarr Woodley,25,2009
Lance Briggs,29,2009
Brian Cushing,22,2009
James Harrison,31,2009
Clay Matthews,23,2009
Brian Orakpo,23,2009
Patrick Willis,24,2009
Ray Lewis,34,2009
Jon Beason,24,2009
DeMeco Ryans,25,2009
Jonathan Vilma,27,2009
London Fletcher,34,2009
Charles Woodson,33,2009
Darrelle Revis,24,2009
Asante Samuel,28,2009
Nnamdi Asomugha,28,2009
Dominique Rodgers-Cromartie,23,2009
Mike Jenkins,24,2009
Terence Newman,31,2009
Champ Bailey,31,2009
Antoine Winfield,32,2009
Adrian Wilson,30,2009
Brian Dawkins,36,2009
Yeremiah Bell,31,2009
Roman Harper,27,2009
Quintin Mikell,29,2009
Darren Sharper,34,2009
Ed Reed,31,2009
Jairus Byrd,23,2009
Nick Collins,26,2009
Antoine Bethea,25,2009
Antrel Rolle,27,2009
Brandon Meriweather,25,2009
Jon Dorenbos,29,2009
Jon Condo,28,2009
Nate Kaeding,27,2009
David Akers,35,2009
Dan Carpenter,24,2009
Shane Lechler,33,2009
Andy Lee,27,2009
Josh Cribbs,26,2009
DeSean Jackson,23,2009
Percy Harvin,21,2009
Johnny Knox,23,2009
Kassim Osgood,29,2009
Heath Farwell,28,2009
Tom Brady,33,2010
Matt Ryan,25,2010
Michael Vick,30,2010
Peyton Manning,34,2010
Matt Cassel,28,2010
Drew Brees,31,2010
Philip Rivers,29,2010
Arian Foster,24,2010
Jamaal Charles,24,2010
Maurice Jones-Drew,25,2010
Adrian Peterson,25,2010
Michael Turner,28,2010
Chris Johnson,25,2010
Steven Jackson,27,2010
Ovie Mughelli,30,2010
Vonta Leach,29,2010
Roddy White,29,2010
Reggie Wayne,32,2010
Andre Johnson,29,2010
Brandon Lloyd,29,2010
Calvin Johnson,25,2010
Dwayne Bowe,26,2010
Larry Fitzgerald,27,2010
Miles Austin,26,2010
Greg Jennings,27,2010
Wes Welker,29,2010
DeSean Jackson,24,2010
Jason Witten,28,2010
Antonio Gates,30,2010
Marcedes Lewis,26,2010
Tony Gonzalez,34,2010
Zach Miller,25,2010
Jake Long,25,2010
Joe Thomas,26,2010
Jason Peters,28,2010
Jordan Gross,30,2010
Tyson Clabo,29,2010
Chad Clifton,34,2010
Matt Light,32,2010
D'Brickashaw Ferguson,27,2010
Donald Penn,27,2010
Jahri Evans,27,2010
Chris Snee,28,2010
Carl Nicks,25,2010
Logan Mankins,28,2010
Brian Waters,33,2010
Kris Dielman,29,2010
Nick Mangold,26,2010
Maurkice Pouncey,21,2010
Ryan Kalil,25,2010
Alex Mack,25,2010
Jeff Saturday,35,2010
Andre Gurode,32,2010
Shaun O'Hara,33,2010
Julius Peppers,30,2010
John Abraham,32,2010
Justin Tuck,27,2010
Dwight Freeney,30,2010
Robert Mathis,29,2010
Randy Starks,27,2010
Jason Babin,30,2010
Haloti Ngata,26,2010
Ndamukong Suh,23,2010
Kyle Williams,27,2010
Justin Smith,31,2010
Vince Wilfork,29,2010
Darnell Dockett,29,2010
Jay Ratliff,29,2010
Richard Seymour,31,2010
James Harrison,32,2010
Clay Matthews,24,2010
Cameron Wake,28,2010
DeMarcus Ware,28,2010
Jon Beason,25,2010
Lance Briggs,30,2010
Terrell Suggs,28,2010
Shaun Phillips,29,2010
Brian Orakpo,24,2010
Jerod Mayo,24,2010
Patrick Willis,25,2010
Brian Urlacher,32,2010
Ray Lewis,35,2010
E.J. Henderson,30,2010
London Fletcher,35,2010
Darrelle Revis,25,2010
Asante Samuel,29,2010
Nnamdi Asomugha,29,2010
Devin McCourty,23,2010
Champ Bailey,32,2010
Charles Woodson,34,2010
Antoine Winfield,33,2010
Brent Grimes,27,2010
DeAngelo Hall,27,2010
Troy Polamalu,29,2010
Adrian Wilson,31,2010
Eric Berry,22,2010
Ed Reed,32,2010
Nick Collins,27,2010
Antrel Rolle,28,2010
Michael Griffin,25,2010
Roman Harper,28,2010
Brandon Meriweather,26,2010
John Denney,32,2010
Zak DeOssie,26,2010
Billy Cundiff,30,2010
David Akers,36,2010
Shane Lechler,34,2010
Mat McBriar,31,2010
Devin Hester,28,2010
Marc Mariani,23,2010
Eric Weems,25,2010
Montell Owens,26,2010
Tramon Williams,27,2010
Kevin Williams,30,2010
Jonathan Vilma,28,2010
Brett Keisel,32,2010
Aaron Rodgers,28,2011
Tom Brady,34,2011
Drew Brees,32,2011
Cam Newton,22,2011
Andy Dalton,24,2011
Eli Manning,30,2011
Ben Roethlisberger,29,2011
Philip Rivers,30,2011
Maurice Jones-Drew,26,2011
LeSean McCoy,23,2011
Ray Rice,24,2011
Marshawn Lynch,25,2011
Arian Foster,25,2011
Matt Forte,26,2011
Willis McGahee,30,2011
Ryan Mathews,24,2011
Frank Gore,28,2011
Vonta Leach,30,2011
John Kuhn,29,2011
Michael Robinson,28,2011
Calvin Johnson,26,2011
Wes Welker,30,2011
Larry Fitzgerald,28,2011
Mike Wallace,25,2011
Steve Smith Sr.,32,2011
Roddy White,30,2011
A.J. Green,23,2011
Greg Jennings,28,2011
Brandon Marshall,27,2011
Vincent Jackson,28,2011
Rob Gronkowski,22,2011
Jimmy Graham,25,2011
Tony Gonzalez,35,2011
Jermaine Gresham,23,2011
Antonio Gates,31,2011
Jason Peters,29,2011
Joe Thomas,27,2011
Joe Staley,27,2011
Ryan Clady,25,2011
Jake Long,26,2011
Jermon Bushrod,27,2011
D'Brickashaw Ferguson,28,2011
Carl Nicks,26,2011
Jahri Evans,28,2011
Marshal Yanda,27,2011
Brian Waters,34,2011
Logan Mankins,29,2011
Brandon Moore,31,2011
Ben Grubbs,27,2011
Davin Joseph,28,2011
Maurkice Pouncey,22,2011
Nick Mangold,27,2011
Chris Myers,30,2011
Ryan Kalil,26,2011
Scott Wells,30,2011
Jared Allen,29,2011
Jason Pierre-Paul,22,2011
Jason Babin,31,2011
Elvis Dumervil,27,2011
Andre Carter,32,2011
Julius Peppers,31,2011
Dwight Freeney,31,2011
Antonio Smith,30,2011
Haloti Ngata,27,2011
Justin Smith,32,2011
Geno Atkins,23,2011
Jay Ratliff,30,2011
Vince Wilfork,30,2011
Richard Seymour,32,2011
B.J. Raji,25,2011
Paul Soliai,28,2011
DeMarcus Ware,29,2011
Terrell Suggs,29,2011
Von Miller,22,2011
Clay Matthews,25,2011
Tamba Hali,28,2011
Lance Briggs,31,2011
Chad Greenway,28,2011
James Harrison,33,2011
Patrick Willis,26,2011
Derrick Johnson,29,2011
Ray Lewis,36,2011
London Fletcher,36,2011
Brian Urlacher,33,2011
Darrelle Revis,26,2011
Johnathan Joseph,27,2011
Charles Woodson,35,2011
Carlos Rogers,30,2011
Charles Tillman,30,2011
Champ Bailey,33,2011
Brandon Browner,27,2011
Troy Polamalu,30,2011
Adrian Wilson,32,2011
Brian Dawkins,38,2011
Eric Weddle,26,2011
Ed Reed,33,2011
Earl Thomas,22,2011
Dashon Goldson,27,2011
Ryan Clark,32,2011
Kam Chancellor,23,2011
Jon Condo,30,2011
Brian Jennings,35,2011
David Akers,37,2011
Sebastian Janikowski,33,2011
Andy Lee,29,2011
Shane Lechler,35,2011
Patrick Peterson,21,2011
Antonio Brown,23,2011
Matthew Slater,26,2011
Corey Graham,26,2011
Montell Owens,27,2011
Peyton Manning,36,2012
Tom Brady,35,2012
Aaron Rodgers,29,2012
Matt Ryan,27,2012
Andrew Luck,23,2012
Matt Schaub,31,2012
Drew Brees,33,2012
Eli Manning,31,2012
Russell Wilson,24,2012
Robert Griffin III,22,2012
Adrian Peterson,27,2012
Marshawn Lynch,26,2012
Arian Foster,26,2012
Jamaal Charles,26,2012
C.J. Spiller,25,2012
Ray Rice,25,2012
Frank Gore,29,2012
Doug Martin,23,2012
Vonta Leach,31,2012
Jerome Felton,26,2012
Marcel Reece,27,2012
Calvin Johnson,27,2012
Brandon Marshall,28,2012
Andre Johnson,31,2012
Reggie Wayne,34,2012
A.J. Green,24,2012
Vincent Jackson,29,2012
Julio Jones,23,2012
Larry Fitzgerald,29,2012
Demaryius Thomas,25,2012
Wes Welker,31,2012
Victor Cruz,26,2012
Rob Gronkowski,23,2012
Jason Witten,30,2012
Tony Gonzalez,36,2012
Jermaine Gresham,24,2012
Owen Daniels,30,2012
Kyle Rudolph,23,2012
Heath Miller,30,2012
Ryan Clady,26,2012
Duane Brown,27,2012
Joe Thomas,28,2012
Joe Staley,28,2012
Russell Okung,24,2012
Andrew Whitworth,31,2012
Matt Kalil,23,2012
Jermon Bushrod,28,2012
Trent Williams,24,2012
Mike Iupati,25,2012
Marshal Yanda,28,2012
Jahri Evans,29,2012
Logan Mankins,30,2012
Zane Beadles,26,2012
Josh Sitton,26,2012
Wade Smith,31,2012
Richie Incognito,29,2012
Chris Snee,30,2012
Maurkice Pouncey,23,2012
Max Unger,26,2012
Chris Myers,31,2012
Jeff Saturday,37,2012
J.J. Watt,23,2012
Cameron Wake,30,2012
Julius Peppers,32,2012
Jared Allen,30,2012
Elvis Dumervil,28,2012
Jason Pierre-Paul,23,2012
Geno Atkins,24,2012
Vince Wilfork,31,2012
Justin Smith,33,2012
Gerald McCoy,24,2012
Ndamukong Suh,25,2012
Haloti Ngata,28,2012
Kyle Williams,29,2012
Henry Melton,26,2012
Randy Starks,29,2012
Von Miller,23,2012
Aldon Smith,23,2012
DeMarcus Ware,30,2012
Clay Matthews,26,2012
Chad Greenway,29,2012
Robert Mathis,31,2012
Anthony Spencer,28,2012
Tamba Hali,29,2012
Justin Houston,23,2012
Ryan Kerrigan,24,2012
Patrick Willis,27,2012
Derrick Johnson,30,2012
Jerod Mayo,26,2012
NaVorro Bowman,24,2012
Daryl Washington,26,2012
London Fletcher,37,2012
Charles Tillman,31,2012
Champ Bailey,34,2012
Antonio Cromartie,28,2012
Tim Jennings,29,2012
Patrick Peterson,22,2012
Johnathan Joseph,28,2012
William Moore,27,2012
Eric Berry,24,2012
LaRon Landry,28,2012
Donte Whitner,27,2012
Earl Thomas,23,2012
Jairus Byrd,26,2012
Dashon Goldson,28,2012
Thomas DeCoud,27,2012
Ed Reed,34,2012
Don Muhlbach,31,2012
John Denney,34,2012
Blair Walsh,22,2012
Phil Dawson,37,2012
Thomas Morstead,26,2012
Dustin Colquitt,30,2012
Jacoby Jones,28,2012
Leon Washington,30,2012
Josh Cribbs,29,2012
Matthew Slater,27,2012
Lorenzo Alexander,29,2012
Peyton Manning,37,2013
Drew Brees,34,2013
Philip Rivers,32,2013
Cam Newton,24,2013
Andrew Luck,24,2013
Alex Smith,29,2013
Tom Brady,36,2013
Nick Foles,24,2013
Russell Wilson,25,2013
LeSean McCoy,25,2013
Jamaal Charles,27,2013
Matt Forte,28,2013
Eddie Lacy,23,2013
Adrian Peterson,28,2013
DeMarco Murray,25,2013
Marshawn Lynch,27,2013
Frank Gore,30,2013
Alfred Morris,25,2013
Mike Tolbert,28,2013
Marcel Reece,28,2013
Calvin Johnson,28,2013
Josh Gordon,22,2013
Antonio Brown,25,2013
Brandon Marshall,29,2013
A.J. Green,25,2013
Demaryius Thomas,26,2013
Andre Johnson,32,2013
Alshon Jeffery,23,2013
Larry Fitzgerald,30,2013
Dez Bryant,25,2013
DeSean Jackson,27,2013
Jimmy Graham,27,2013
Jordan Cameron,25,2013
Vernon Davis,29,2013
Tony Gonzalez,37,2013
Jason Witten,31,2013
Julius Thomas,25,2013
Joe Thomas,29,2013
Joe Staley,29,2013
Jason Peters,31,2013
Tyron Smith,23,2013
Branden Albert,29,2013
Trent Williams,25,2013
Jordan Gross,33,2013
Duane Brown,28,2013
Louis Vasquez,26,2013
Evan Mathis,32,2013
Logan Mankins,31,2013
Marshal Yanda,29,2013
Jahri Evans,30,2013
Kyle Long,25,2013
Ben Grubbs,29,2013
Mike Iupati,26,2013
Ryan Kalil,28,2013
Alex Mack,28,2013
Mike Pouncey,24,2013
Nick Mangold,29,2013
Max Unger,27,2013
J.J. Watt,24,2013
Robert Quinn,23,2013
Greg Hardy,25,2013
Cameron Wake,31,2013
Mario Williams,28,2013
Cameron Jordan,24,2013
Gerald McCoy,25,2013
Ndamukong Suh,26,2013
Marcell Dareus,23,2013
Kyle Williams,30,2013
Dontari Poe,23,2013
Justin Smith,34,2013
Jason Hatcher,31,2013
Haloti Ngata,29,2013
Robert Mathis,32,2013
Justin Houston,24,2013
Ahmad Brooks,29,2013
Tamba Hali,30,2013
John Abraham,35,2013
Terrell Suggs,31,2013
Brian Orakpo,27,2013
Luke Kuechly,22,2013
NaVorro Bowman,25,2013
Patrick Willis,28,2013
Vontaze Burfict,23,2013
Paul Posluszny,29,2013
Derrick Johnson,31,2013
Richard Sherman,25,2013
Patrick Peterson,23,2013
Joe Haden,24,2013
Brent Grimes,30,2013
Darrelle Revis,28,2013
Aqib Talib,27,2013
Alterraun Verner,25,2013
Tim Jennings,30,2013
Brandon Flowers,27,2013
Antonio Cromartie,29,2013
Eric Berry,25,2013
T.J. Ward,27,2013
Antrel Rolle,31,2013
Kam Chancellor,25,2013
Troy Polamalu,32,2013
Earl Thomas,24,2013
Eric Weddle,28,2013
Jairus Byrd,27,2013
Eric Reid,22,2013
J.J. Jansen,27,2013
Matt Overton,28,2013
Justin Tucker,24,2013
Matt Prater,29,2013
Stephen Gostkowski,29,2013
Johnny Hekker,23,2013
Brandon Fields,29,2013
Cordarrelle Patterson,22,2013
Dexter McCluster,24,2013
Justin Bethel,23,2013
Matthew Slater,28,2013
Aaron Rodgers,31,2014
Tom Brady,37,2014
Tony Romo,34,2014
Ben Roethlisberger,32,2014
Matt Ryan,29,2014
Andy Dalton,27,2014
Andrew Luck,25,2014
Peyton Manning,38,2014
Matthew Stafford,26,2014
Drew Brees,35,2014
Russell Wilson%,26,2014
Le'Veon Bell,22,2014
Darren Sproles,31,2014
DeMarco Murray,26,2014
Marshawn Lynch,28,2014
Justin Forsett,29,2014
C.J. Anderson,23,2014
Arian Foster,28,2014
Jamaal Charles,28,2014
Mark Ingram,25,2014
LeSean McCoy,26,2014
Alfred Morris,26,2014
John Kuhn,32,2014
Marcel Reece,29,2014
Antonio Brown,26,2014
Dez Bryant,26,2014
Matthew Slater,29,2014
Jordy Nelson,29,2014
Julio Jones,25,2014
Emmanuel Sanders,27,2014
Odell Beckham Jr.,22,2014
Demaryius Thomas,27,2014
Devin Hester,32,2014
Randall Cobb,24,2014
A.J. Green,26,2014
T.Y. Hilton,25,2014
Calvin Johnson,29,2014
Golden Tate,26,2014
Rob Gronkowski,25,2014
Greg Olsen,29,2014
Martellus Bennett,27,2014
Jason Witten,32,2014
Julius Thomas,26,2014
Jimmy Graham,28,2014
Joe Thomas,30,2014
Ryan Clady,28,2014
Jason Peters,32,2014
Duane Brown,29,2014
Trent Williams,26,2014
Josh Sitton,28,2014
Kyle Long,26,2014
Zack Martin,24,2014
Jahri Evans,31,2014
Evan Mathis,33,2014
Mike Iupati,27,2014
Travis Frederick,23,2014
Nick Mangold,30,2014
Maurkice Pouncey,25,2014
Jason Kelce,27,2014
Marshal Yanda,30,2014
Mike Pouncey,25,2014
Tyron Smith,24,2014
Joe Staley,30,2014
J.J. Watt,25,2014
Mario Williams,29,2014
Robert Quinn,24,2014
Calais Campbell,28,2014
Cameron Wake,32,2014
DeMarcus Ware,32,2014
Ndamukong Suh,27,2014
Marcell Dareus,24,2014
Gerald McCoy,26,2014
Sheldon Richardson,24,2014
Aaron Donald,23,2014
Kyle Williams,31,2014
Geno Atkins,26,2014
Dontari Poe,24,2014
Von Miller,25,2014
Elvis Dumervil,30,2014
Connor Barwin,28,2014
Clay Matthews,28,2014
Tamba Hali,31,2014
Lawrence Timmons,28,2014
D'Qwell Jackson,31,2014
Luke Kuechly,23,2014
C.J. Mosley,22,2014
Justin Houston,25,2014
Bobby Wagner,24,2014
Darrelle Revis,29,2014
Vontae Davis,26,2014
Brent Grimes,31,2014
Joe Haden,25,2014
Antonio Cromartie,30,2014
Patrick Peterson,24,2014
Aqib Talib,28,2014
Sam Shields,27,2014
Kam Chancellor,26,2014
Mike Adams,33,2014
T.J. Ward,28,2014
Darrell Stuckey,27,2014
Antoine Bethea,30,2014
Eric Weddle,29,2014
Earl Thomas,25,2014
Glover Quin,28,2014
Donte Whitner,29,2014
Jon Dorenbos,34,2014
L.P. Ladouceur,33,2014
Richard Sherman,26,2014
Chris Harris Jr.,25,2014
Justin Bethel,24,2014
Tashaun Gipson,24,2014
Adam Vinatieri,42,2014
Stephen Gostkowski,30,2014
Cody Parkey,22,2014
Pat McAfee,27,2014
Kevin Huber,29,2014
Cam Newton,26,2015
Carson Palmer,36,2015
Tom Brady,38,2015
Tyrod Taylor,26,2015
Aaron Rodgers,32,2015
Teddy Bridgewater,23,2015
Eli Manning,34,2015
Ben Roethlisberger,33,2015
Derek Carr,24,2015
Russell Wilson,27,2015
Jameis Winston,21,2015
Doug Martin,26,2015
Adrian Peterson,30,2015
Chris Ivory,27,2015
Latavius Murray,25,2015
Devonta Freeman,23,2015
Jonathan Stewart,28,2015
Todd Gurley,21,2015
LeSean McCoy,27,2015
Patrick DiMarco,26,2015
Mike Tolbert,30,2015
John Kuhn,33,2015
Julio Jones,26,2015
Antonio Brown,27,2015
Jarvis Landry,23,2015
Larry Fitzgerald,32,2015
DeAndre Hopkins,23,2015
Odell Beckham Jr.,23,2015
Matthew Slater,30,2015
A.J. Green,27,2015
Brandon Marshall,31,2015
T.Y. Hilton,26,2015
Calvin Johnson,30,2015
Allen Robinson,22,2015
Amari Cooper,21,2015
Rob Gronkowski,26,2015
Greg Olsen,30,2015
Delanie Walker,31,2015
Tyler Eifert,25,2015
Gary Barnidge,30,2015
Travis Kelce,26,2015
Joe Thomas,31,2015
Tyron Smith,25,2015
Trent Williams,27,2015
Kyle Long,27,2015
Branden Albert,31,2015
Jason Peters,33,2015
Zack Martin,25,2015
Josh Sitton,29,2015
David DeCastro,25,2015
Richie Incognito,32,2015
Mike Iupati,28,2015
Trai Turner,22,2015
Ryan Kalil,30,2015
Travis Frederick,24,2015
Alex Mack,30,2015
Eric Wood,29,2015
Mike Pouncey,26,2015
Nick Mangold,31,2015
Marshal Yanda,31,2015
Logan Mankins,33,2015
Andrew Whitworth,34,2015
Joe Staley,31,2015
Khalil Mack,24,2015
J.J. Watt,26,2015
Ezekiel Ansah,26,2015
Michael Bennett,30,2015
Cameron Jordan,26,2015
Carlos Dunlap,26,2015
Everson Griffen,28,2015
Chandler Jones,25,2015
Aaron Donald,24,2015
Geno Atkins,27,2015
Kawann Short,26,2015
Muhammad Wilkerson,26,2015
Fletcher Cox,25,2015
Calais Campbell,29,2015
Jurrell Casey,26,2015
Gerald McCoy,27,2015
Thomas Davis,32,2015
Anthony Barr,23,2015
Sean Lee,29,2015
DeMarcus Ware,33,2015
Julius Peppers,35,2015
Tamba Hali,32,2015
Derrick Johnson,33,2015
Clay Matthews,29,2015
Luke Kuechly,24,2015
Von Miller,26,2015
Justin Houston,26,2015
NaVorro Bowman,27,2015
Lavonte David,25,2015
Jamie Collins,26,2015
Bobby Wagner,25,2015
Elvis Dumervil,31,2015
Richard Sherman,27,2015
Marcus Peters,22,2015
Desmond Trufant,25,2015
Adam Jones,32,2015
Vontae Davis,27,2015
Aqib Talib,29,2015
Brent Grimes,32,2015
Dominique Rodgers-Cromartie,29,2015
Darrelle Revis,30,2015
Jason Verrett,24,2015
Eric Berry,27,2015
Reshad Jones,27,2015
Kam Chancellor,27,2015
Earl Thomas,26,2015
Malcolm Jenkins,28,2015
Reggie Nelson,32,2015
Charles Woodson,39,2015
Jon Weeks,29,2015
Morgan Cox,29,2015
Harrison Smith,26,2015
Mike Adams,34,2015
Tyrann Mathieu,23,2015
Patrick Peterson,25,2015
Josh Norman,28,2015
Chris Harris Jr.,26,2015
Malcolm Butler,25,2015
Stephen Gostkowski,31,2015
Dan Bailey,27,2015
Josh Brown,36,2015
Johnny Hekker,25,2015
Sam Koch,33,2015
Darren Sproles,32,2015
Justin Bethel,25,2015
Tyler Lockett,23,2015
Cedric Peerman,29,2015
Matt Ryan,31,2016
Tom Brady,39,2016
Andy Dalton,29,2016
Dak Prescott,23,2016
Aaron Rodgers,33,2016
Alex Smith,32,2016
Drew Brees,37,2016
Ben Roethlisberger,34,2016
Derek Carr,25,2016
Philip Rivers,35,2016
Kirk Cousins,28,2016
David Johnson,25,2016
Ezekiel Elliott,21,2016
Le'Veon Bell,24,2016
DeMarco Murray,28,2016
Jay Ajayi,23,2016
Devonta Freeman,24,2016
LeSean McCoy,28,2016
Jordan Howard,22,2016
Darren Sproles,33,2016
Melvin Gordon,23,2016
Kyle Juszczyk,25,2016
Mike Tolbert,31,2016
Tyreek Hill,22,2016
Julio Jones,27,2016
Antonio Brown,28,2016
Mike Evans,23,2016
Odell Beckham Jr.,24,2016
T.Y. Hilton,27,2016
A.J. Green,28,2016
Larry Fitzgerald,33,2016
Dez Bryant,28,2016
Emmanuel Sanders,29,2016
Demaryius Thomas,29,2016
Jarvis Landry,24,2016
Amari Cooper,22,2016
Doug Baldwin,28,2016
Travis Kelce,27,2016
Greg Olsen,31,2016
Delanie Walker,32,2016
Jimmy Graham,30,2016
Jordan Reed,26,2016
Tyron Smith,26,2016
Joe Thomas,32,2016
Donald Penn,33,2016
David Bakhtiari,25,2016
Andrew Whitworth,35,2016
Jason Peters,34,2016
Kelechi Osemele,27,2016
Zack Martin,26,2016
Marshal Yanda,32,2016
T.J. Lang,29,2016
Richie Incognito,33,2016
Trai Turner,23,2016
Josh Sitton,30,2016
Brandon Scherff,25,2016
Travis Frederick,25,2016
Rodney Hudson,27,2016
Alex Mack,31,2016
Jason Kelce,29,2016
Maurkice Pouncey,27,2016
Jeremy Zuttah,30,2016
David DeCastro,26,2016
Trent Williams,28,2016
Taylor Lewan,25,2016
Khalil Mack,25,2016
Jadeveon Clowney,23,2016
Vic Beasley,24,2016
Cliff Avril,30,2016
Cameron Wake,34,2016
Carlos Dunlap,27,2016
Everson Griffen,29,2016
Leonard Williams,22,2016
Michael Bennett,31,2016
Aaron Donald,25,2016
Geno Atkins,28,2016
Ndamukong Suh,29,2016
Gerald McCoy,28,2016
Kyle Williams,33,2016
Linval Joseph,28,2016
Jurrell Casey,27,2016
Fletcher Cox,26,2016
Von Miller,27,2016
Lorenzo Alexander,33,2016
K.J. Wright,27,2016
Thomas Davis,33,2016
Brian Orakpo,30,2016
Bobby Wagner,26,2016
Ryan Shazier,24,2016
Luke Kuechly,25,2016
Sean Lee,30,2016
Dont'a Hightower,26,2016
Ryan Kerrigan,28,2016
Zach Brown,27,2016
C.J. Mosley,24,2016
Anthony Barr,24,2016
Aqib Talib,30,2016
Marcus Peters,23,2016
Chris Harris Jr.,27,2016
Jackrabbit Jenkins,28,2016
Patrick Peterson,26,2016
Casey Hayward,27,2016
Stephon Gilmore,26,2016
Xavier Rhodes,26,2016
Richard Sherman,28,2016
Landon Collins,22,2016
Eric Berry,28,2016
Darian Stewart,28,2016
Devin McCourty,29,2016
Harrison Smith,27,2016
Reggie Nelson,33,2016
Jake McQuaide,29,2016
Morgan Cox,30,2016
Eric Weddle,31,2016
Ha Ha Clinton-Dix,24,2016
Cordarrelle Patterson,25,2016
Justin Tucker,27,2016
Matt Bryant,41,2016
Matt Prater,32,2016
Johnny Hekker,26,2016
Pat McAfee,29,2016
Dustin Colquitt,34,2016
Matthew Slater,31,2016
Dwayne Harris,29,2016
D.J. Alexander,25,2016
Tom Brady,40,2017
Carson Wentz,25,2017
Alex Smith,33,2017
Drew Brees,38,2017
Ben Roethlisberger,35,2017
Derek Carr,26,2017
Jared Goff,23,2017
Philip Rivers,36,2017
Russell Wilson,29,2017
Todd Gurley,23,2017
Le'Veon Bell,25,2017
Alvin Kamara,22,2017
Kareem Hunt,22,2017
LeSean McCoy,29,2017
Mark Ingram,28,2017
James Develin,29,2017
Roosevelt Nix,25,2017
Kyle Juszczyk,26,2017
Antonio Brown,29,2017
DeAndre Hopkins,25,2017
Julio Jones,28,2017
Michael Thomas,24,2017
Adam Thielen,27,2017
Keenan Allen,25,2017
A.J. Green,29,2017
T.Y. Hilton,28,2017
Larry Fitzgerald,34,2017
Davante Adams,25,2017
Jarvis Landry,25,2017
Doug Baldwin,29,2017
Rob Gronkowski,28,2017
Travis Kelce,28,2017
Zach Ertz,27,2017
Jack Doyle,27,2017
Jason Witten,35,2017
Kyle Rudolph,28,2017
Delanie Walker,33,2017
Jimmy Graham,31,2017
Lane Johnson,27,2017
Andrew Whitworth,36,2017
Taylor Lewan,26,2017
Trent Williams,29,2017
Alejandro Villanueva,29,2017
Joe Staley,33,2017
Duane Brown,32,2017
Tyron Smith,27,2017
Donald Penn,34,2017
Russell Okung,29,2017
Brandon Scherff,26,2017
David DeCastro,27,2017
Zack Martin,27,2017
Brandon Brooks,28,2017
Kelechi Osemele,28,2017
Richie Incognito,34,2017
Trai Turner,24,2017
T.J. Lang,30,2017
Larry Warford,26,2017
Alex Mack,32,2017
Maurkice Pouncey,28,2017
Travis Frederick,26,2017
Rodney Hudson,28,2017
Cameron Jordan,28,2017
Calais Campbell,31,2017
Everson Griffen,30,2017
Cameron Heyward,28,2017
DeMarcus Lawrence,25,2017
Jadeveon Clowney,24,2017
Joey Bosa,22,2017
Yannick Ngakoue,22,2017
Melvin Ingram,28,2017
Michael Bennett,32,2017
Aaron Donald,26,2017
Fletcher Cox,27,2017
Malik Jackson,27,2017
Mike Daniels,28,2017
Linval Joseph,29,2017
Jurrell Casey,28,2017
Gerald McCoy,29,2017
Geno Atkins,29,2017
Thomas Davis,34,2017
Terrell Suggs,35,2017
Bobby Wagner,27,2017
Luke Kuechly,26,2017
Chandler Jones,27,2017
Von Miller,28,2017
Ryan Shazier,25,2017
Ryan Kerrigan,29,2017
Deion Jones,23,2017
Telvin Smith,26,2017
C.J. Mosley,25,2017
Joe Schobert,24,2017
Anthony Barr,25,2017
Khalil Mack,26,2017
Kwon Alexander,23,2017
Jalen Ramsey,23,2017
Xavier Rhodes,27,2017
Darius Slay,26,2017
Casey Hayward,28,2017
A.J. Bouye,26,2017
Marshon Lattimore,21,2017
Patrick Peterson,27,2017
Aqib Talib,31,2017
Harrison Smith,28,2017
Kevin Byard,24,2017
Micah Hyde,27,2017
Keanu Neal,22,2017
Reshad Jones,29,2017
Landon Collins,23,2017
Malcolm Jenkins,30,2017
Earl Thomas,28,2017
Eric Weddle,32,2017
Clark Harris,33,2017
Jake McQuaide,30,2017
Greg Zuerlein,30,2017
Graham Gano,30,2017
Chris Boswell,26,2017
Johnny Hekker,27,2017
Brett Kern,31,2017
Pharoh Cooper,22,2017
Tyreek Hill,23,2017
Budda Baker,21,2017
Matthew Slater,32,2017
Brynden Trawick,28,2017
Patrick Mahomes,23,2018
Drew Brees,39,2018
Mitchell Trubisky,24,2018
Andrew Luck,29,2018
Dak Prescott,25,2018
Aaron Rodgers,35,2018
Deshaun Watson,23,2018
Tom Brady,41,2018
Jared Goff,24,2018
Philip Rivers,37,2018
Russell Wilson,30,2018
Todd Gurley,24,2018
Saquon Barkley,21,2018
Ezekiel Elliott,23,2018
Phillip Lindsay,24,2018
Alvin Kamara,23,2018
Lamar Miller,27,2018
James Conner,23,2018
Melvin Gordon,25,2018
Anthony Sherman,30,2018
Kyle Juszczyk,27,2018
DeAndre Hopkins,26,2018
Michael Thomas,25,2018
Tyreek Hill,24,2018
Julio Jones,29,2018
Keenan Allen,26,2018
Amari Cooper,24,2018
Jarvis Landry,26,2018
Davante Adams,26,2018
Adam Thielen,28,2018
Antonio Brown,30,2018
JuJu Smith-Schuster,22,2018
Mike Evans,25,2018
Travis Kelce,29,2018
George Kittle,25,2018
Zach Ertz,28,2018
Austin Hooper,24,2018
Eric Ebron,25,2018
Jared Cook,31,2018
Terron Armstead,27,2018
Tyron Smith,28,2018
Taylor Lewan,27,2018
Jake Matthews,26,2018
Charles Leno Jr.,27,2018
Eric Fisher,27,2018
Lane Johnson,28,2018
Alejandro Villanueva,30,2018
Trent Williams,30,2018
Quenton Nelson,22,2018
Zack Martin,28,2018
Joel Bitonio,27,2018
Marshal Yanda,34,2018
Brandon Brooks,29,2018
Trai Turner,25,2018
Andrus Peat,25,2018
Larry Warford,27,2018
David DeCastro,28,2018
Maurkice Pouncey,29,2018
Alex Mack,33,2018
Cody Whitehair,26,2018
Max Unger,32,2018
Mike Pouncey,29,2018
J.J. Watt,29,2018
Danielle Hunter,24,2018
Myles Garrett,23,2018
Cameron Jordan,29,2018
DeMarcus Lawrence,26,2018
Calais Campbell,32,2018
Melvin Ingram,29,2018
Fletcher Cox,28,2018
Aaron Donald,27,2018
Geno Atkins,30,2018
Akiem Hicks,29,2018
Kyle Williams,35,2018
Kawann Short,29,2018
Jurrell Casey,29,2018
Cameron Heyward,29,2018
Brandon Williams,29,2018
DeForest Buckner,24,2018
Khalil Mack,27,2018
Von Miller,29,2018
Ryan Kerrigan,30,2018
Jadeveon Clowney,25,2018
Dee Ford,27,2018
Anthony Barr,26,2018
Olivier Vernon,28,2018
T.J. Watt,24,2018
Bobby Wagner,28,2018
Luke Kuechly,27,2018
C.J. Mosley,26,2018
Leighton Vander Esch,22,2018
Benardrick McKinney,26,2018
Kyle Fuller,26,2018
Stephon Gilmore,28,2018
Byron Jones,26,2018
Patrick Peterson,28,2018
Xavien Howard,25,2018
Denzel Ward,21,2018
Chris Harris Jr.,29,2018
Darius Slay,27,2018
Jalen Ramsey,24,2018
Jamal Adams,23,2018
Landon Collins,24,2018
Malcolm Jenkins,31,2018
Eddie Jackson,25,2018
Derwin James,22,2018
Harrison Smith,29,2018
Eric Weddle,33,2018
Casey Kreiter,28,2018
Don Muhlbach,37,2018
Aldrick Rosas,24,2018
Jason Myers,27,2018
Michael Dickson,22,2018
Brett Kern,32,2018
Andre Roberts,30,2018
Tarik Cohen,23,2018
Adrian Phillips,26,2018
Cory Littleton,25,2018
Michael Thomas,28,2018
Lamar Jackson,22,2019
Russell Wilson,31,2019
Aaron Rodgers,36,2019
Deshaun Watson,24,2019
Patrick Mahomes,24,2019
Kirk Cousins,31,2019
Drew Brees,40,2019
Ryan Tannehill,31,2019
Christian McCaffrey,23,2019
Derrick Henry,25,2019
Nick Chubb,24,2019
Dalvin Cook,24,2019
Ezekiel Elliott,24,2019
C.J. Ham,26,2019
Alvin Kamara,24,2019
Mark Ingram,30,2019
Kyle Juszczyk,28,2019
Patrick Ricard,25,2019
Deonte Harty,22,2019
Michael Thomas,26,2019
Cordarrelle Patterson,28,2019
Julio Jones,30,2019
DeAndre Hopkins,27,2019
Matthew Slater,34,2019
Chris Godwin,23,2019
Mecole Hardman,21,2019
Keenan Allen,27,2019
Andre Roberts,31,2019
Mike Evans,26,2019
Jarvis Landry,27,2019
Amari Cooper,25,2019
Courtland Sutton,24,2019
Kenny Golladay,26,2019
Davante Adams,27,2019
DJ Chark,23,2019
Tyreek Hill,25,2019
George Kittle,26,2019
Travis Kelce,30,2019
Austin Hooper,25,2019
Jack Doyle,29,2019
Jared Cook,32,2019
Zach Ertz,29,2019
Mark Andrews,24,2019
Ronnie Stanley,25,2019
David Bakhtiari,28,2019
Laremy Tunsil,25,2019
Tyron Smith,29,2019
Terron Armstead,28,2019
Andrus Peat,26,2019
Lane Johnson,29,2019
Trent Brown,26,2019
Orlando Brown Jr.,23,2019
Brandon Scherff,28,2019
Quenton Nelson,23,2019
Zack Martin,29,2019
Marshal Yanda,35,2019
Brandon Brooks,30,2019
Joel Bitonio,28,2019
Trai Turner,26,2019
Larry Warford,28,2019
David DeCastro,29,2019
Jason Kelce,32,2019
Rodney Hudson,30,2019
Ryan Kelly,26,2019
Travis Frederick,28,2019
Maurkice Pouncey,30,2019
Cameron Heyward,30,2019
Cameron Jordan,30,2019
Joey Bosa,24,2019
Danielle Hunter,25,2019
Calais Campbell,33,2019
Josh Allen,22,2019
Frank Clark,26,2019
Everson Griffen,32,2019
Melvin Ingram,30,2019
Nick Bosa,22,2019
Aaron Donald,28,2019
Grady Jarrett,26,2019
Chris Jones,25,2019
Kenny Clark,24,2019
Jurrell Casey,30,2019
Fletcher Cox,29,2019
Geno Atkins,31,2019
T.J. Watt,25,2019
Matt Judon,27,2019
Von Miller,30,2019
Shaquille Leonard,24,2019
Chandler Jones,29,2019
Bobby Wagner,29,2019
Eric Kendricks,27,2019
Za'Darius Smith,27,2019
Shaquil Barrett,27,2019
Luke Kuechly,28,2019
Tremaine Edmunds,21,2019
Khalil Mack,28,2019
Jaylon Smith,24,2019
Dont'a Hightower,29,2019
Joe Haden,30,2019
Earl Thomas,30,2019
Rick Lovato,27,2019
Morgan Cox,33,2019
Stephon Gilmore,29,2019
Jamal Adams,24,2019
Minkah Fitzpatrick,23,2019
Tre'Davious White,24,2019
Marcus Peters,26,2019
Richard Sherman,31,2019
Marlon Humphrey,23,2019
Harrison Smith,30,2019
Marshon Lattimore,23,2019
Jalen Ramsey,25,2019
Kyle Fuller,27,2019
Eddie Jackson,26,2019
Budda Baker,23,2019
Darius Slay,28,2019
Xavier Rhodes,29,2019
Shaquill Griffin,24,2019
Justin Tucker,30,2019
Wil Lutz,25,2019
Brett Kern,33,2019
Tress Way,29,2019
Aaron Rodgers,37,2020
Patrick Mahomes,25,2020
Josh Allen,24,2020
Deshaun Watson,25,2020
Russell Wilson,32,2020
Kyler Murray,23,2020
Derrick Henry,26,2020
Dalvin Cook,25,2020
Alvin Kamara,25,2020
Nick Chubb,25,2020
Aaron Jones,26,2020
Josh Jacobs,22,2020
Kyle Juszczyk,29,2020
Patrick Ricard,26,2020
Stefon Diggs,27,2020
Davante Adams,28,2020
Tyreek Hill,26,2020
DeAndre Hopkins,28,2020
Justin Jefferson,21,2020
D.K. Metcalf,23,2020
A.J. Brown,23,2020
Keenan Allen,28,2020
Travis Kelce,31,2020
T.J. Hockenson,23,2020
Darren Waller,28,2020
Evan Engram,26,2020
David Bakhtiari,29,2020
Trent Williams,32,2020
Orlando Brown Jr.,24,2020
Eric Fisher,29,2020
Laremy Tunsil,26,2020
Terron Armstead,29,2020
Quenton Nelson,24,2020
Joel Bitonio,29,2020
Brandon Scherff,29,2020
David DeCastro,30,2020
Elgton Jenkins,25,2020
Andrus Peat,27,2020
Jason Kelce,33,2020
Ryan Kelly,27,2020
Frank Ragnow,24,2020
Maurkice Pouncey,31,2020
Myles Garrett,25,2020
Joey Bosa,25,2020
Chase Young,21,2020
Cameron Jordan,31,2020
Frank Clark,27,2020
Brandon Graham,32,2020
Aaron Donald,29,2020
Chris Jones,26,2020
Fletcher Cox,30,2020
Cameron Heyward,31,2020
Grady Jarrett,27,2020
Calais Campbell,34,2020
T.J. Watt,26,2020
Khalil Mack,29,2020
Za'Darius Smith,28,2020
Bradley Chubb,24,2020
Jason Pierre-Paul,31,2020
Matt Judon,28,2020
Fred Warner,24,2020
Shaquille Leonard,25,2020
Bobby Wagner,30,2020
Tremaine Edmunds,22,2020
Xavien Howard,27,2020
Jalen Ramsey,26,2020
Jaire Alexander,23,2020
Tre'Davious White,25,2020
James Bradberry,27,2020
Marshon Lattimore,24,2020
Marlon Humphrey,24,2020
Stephon Gilmore,30,2020
Tyrann Mathieu,28,2020
Budda Baker,24,2020
Jamal Adams,25,2020
Minkah Fitzpatrick,24,2020
Justin Simmons,27,2020
Quandre Diggs,27,2020
Morgan Cox,34,2020
Tyler Ott,28,2020
Justin Tucker,31,2020
Younghoe Koo,26,2020
Jake Bailey,23,2020
Jack Fox,24,2020
Cordarrelle Patterson,29,2020
Andre Roberts,32,2020
Nick Bellore,31,2020
Matthew Slater,35,2020
Aaron Rodgers,38,2021
Tom Brady,44,2021
Josh Allen%,25,2021
Kyler Murray,24,2021
Dak Prescott%,28,2021
Patrick Mahomes,26,2021
Kirk Cousins,33,2021
Mac Jones,23,2021
Lamar Jackson,24,2021
Justin Herbert,23,2021
Russell Wilson,33,2021
Jonathan Taylor,22,2021
Nick Chubb,26,2021
Joe Mixon,25,2021
Dalvin Cook,26,2021
James Conner,26,2021
Alvin Kamara,26,2021
Najee Harris,23,2021
Patrick Ricard,27,2021
Kyle Juszczyk,30,2021
Davante Adams,29,2021
Cooper Kupp,28,2021
Deebo Samuel,25,2021
Ja'Marr Chase,21,2021
Tyreek Hill,27,2021
Justin Jefferson,22,2021
Stefon Diggs,28,2021
CeeDee Lamb,22,2021
Diontae Johnson,25,2021
Hunter Renfrow,26,2021
Keenan Allen,29,2021
Mike Evans,28,2021
Mark Andrews,26,2021
Travis Kelce,32,2021
George Kittle,28,2021
Kyle Pitts,21,2021
Trent Williams,33,2021
Tristan Wirfs,22,2021
Rashawn Slater,22,2021
Dion Dawkins,27,2021
D.J. Humphries,28,2021
Tyron Smith,31,2021
Orlando Brown Jr.,25,2021
Brian O'Neill,26,2021
Duane Brown,36,2021
Joel Bitonio,30,2021
Zack Martin,31,2021
Quenton Nelson,25,2021
Ali Marpet,28,2021
Wyatt Teller,27,2021
Jonah Jackson,24,2021
Rodger Saffold,33,2021
Laken Tomlinson,29,2021
Brandon Scherff,30,2021
Jason Kelce,34,2021
Corey Linsley,30,2021
Ryan Kelly,28,2021
Alex Mack,36,2021
Ryan Jensen,30,2021
Myles Garrett,26,2021
Nick Bosa,24,2021
Maxx Crosby,24,2021
Cameron Jordan,32,2021
Brian Burns,23,2021
Trey Hendrickson,27,2021
Frank Clark,28,2021
Josh Sweat,24,2021
Aaron Donald,30,2021
Cameron Heyward,32,2021
Chris Jones,27,2021
Jonathan Allen,26,2021
Jeffery Simmons,24,2021
DeForest Buckner,27,2021
Kenny Clark,26,2021
Javon Hargrave,28,2021
Vita Vea,26,2021
T.J. Watt,27,2021
Robert Quinn,31,2021
Matt Judon,29,2021
Chandler Jones,31,2021
Harold Landry,25,2021
Joey Bosa,26,2021
Shaquil Barrett,29,2021
Micah Parsons,22,2021
Shaquille Leonard,26,2021
Bobby Wagner,31,2021
Denzel Perryman,29,2021
Devin White,23,2021
Jalen Ramsey,27,2021
Trevon Diggs,23,2021
J.C. Jackson,26,2021
Xavien Howard,28,2021
Darius Slay,30,2021
Stephon Gilmore,31,2021
Denzel Ward,24,2021
Kenny Moore,26,2021
Marshon Lattimore,25,2021
Derwin James,25,2021
Budda Baker,25,2021
Tyrann Mathieu,29,2021
Harrison Smith,32,2021
Kevin Byard,28,2021
Antoine Winfield Jr.,23,2021
Quandre Diggs,28,2021
Luke Rhodes,29,2021
Josh Harris,32,2021
Justin Tucker,32,2021
Matt Gay,27,2021
Jake Elliott,26,2021
AJ Cole III,26,2021
Bryan Anger,33,2021
Devin Duvernay,24,2021
Jakeem Grant,29,2021
J.T. Gray,25,2021
Matthew Slater,36,2021
Patrick Mahomes,27,2022
Jalen Hurts,24,2022
Joe Burrow,26,2022
Josh Allen,26,2022
Jared Goff,28,2022
Trevor Lawrence,23,2022
Kirk Cousins,34,2022
Derek Carr,31,2022
Tyler Huntley,24,2022
Geno Smith,32,2022
Josh Jacobs,24,2022
Nick Chubb,27,2022
Saquon Barkley,25,2022
Derrick Henry,28,2022
Christian McCaffrey,26,2022
Tony Pollard,25,2022
Dalvin Cook,27,2022
Miles Sanders,25,2022
Patrick Ricard,28,2022
Kyle Juszczyk,31,2022
Justin Jefferson,23,2022
Tyreek Hill,28,2022
Davante Adams,30,2022
A.J. Brown,25,2022
Stefon Diggs,29,2022
CeeDee Lamb,23,2022
Amon-Ra St. Brown,23,2022
Ja'Marr Chase,22,2022
Terry McLaurin,27,2022
Travis Kelce,33,2022
George Kittle,29,2022
T.J. Hockenson,25,2022
Dawson Knox,26,2022
Mark Andrews,27,2022
Lane Johnson,32,2022
Trent Williams,34,2022
Laremy Tunsil,28,2022
Terron Armstead,31,2022
Tristan Wirfs,23,2022
Dion Dawkins,28,2022
Penei Sewell,22,2022
Orlando Brown Jr.,26,2022
Joel Bitonio,31,2022
Chris Lindstrom,25,2022
Zack Martin,32,2022
Joe Thuney,30,2022
Rodger Saffold,34,2022
Wyatt Teller,28,2022
Quenton Nelson,26,2022
Elgton Jenkins,27,2022
Landon Dickerson,24,2022
Jason Kelce,35,2022
Creed Humphrey,23,2022
Mitch Morse,30,2022
Tyler Biadasz,25,2022
Frank Ragnow,26,2022
Ben Jones,33,2022
Myles Garrett,27,2022
Nick Bosa,25,2022
Maxx Crosby,25,2022
Brian Burns,24,2022
Trey Hendrickson,28,2022
DeMarcus Lawrence,30,2022
Cameron Jordan,33,2022
Chris Jones,28,2022
Quinnen Williams,25,2022
Dexter Lawrence,25,2022
Jeffery Simmons,25,2022
Aaron Donald,31,2022
Daron Payne,25,2022
Cameron Heyward,33,2022
Jonathan Allen,27,2022
Micah Parsons,23,2022
Haason Reddick,28,2022
Matt Milano,28,2022
Matt Judon,30,2022
Bradley Chubb,26,2022
Danielle Hunter,28,2022
Za'Darius Smith,30,2022
T.J. Watt,28,2022
Khalil Mack,31,2022
Fred Warner,26,2022
Roquan Smith,25,2022
Demario Davis,33,2022
C.J. Mosley,30,2022
Patrick Surtain II,22,2022
Sauce Gardner,22,2022
Jalen Ramsey,28,2022
Jaire Alexander,25,2022
Darius Slay,31,2022
Trevon Diggs,24,2022
Xavien Howard,29,2022
Marlon Humphrey,26,2022
Riq Woolen,23,2022
Talanoa Hufanga,22,2022
Derwin James,26,2022
Jordan Poyer,31,2022
Budda Baker,26,2022
Minkah Fitzpatrick,26,2022
Quandre Diggs,29,2022
Andrew DePaola,35,2022
Morgan Cox,36,2022
Jason Myers,31,2022
Justin Tucker,33,2022
Tommy Townsend,26,2022
AJ Cole III,27,2022
Tress Way,32,2022
KaVontae Turpin,26,2022
Jamal Agnew,27,2022
Devin Duvernay,25,2022
Jeremy Reaves,26,2022
Justin Hardee,28,2022
